Sl_no,Survival_Status,Ticket_Class,Gender,Age,Spouses/Siblings Aboard,Parents/Children Aboard,Ticket_Fare
1,0,3,0,22,1,0,82.1708
2,1,1,1,38,1,0,52
3,1,3,1,26,0,0,7.2292
4,1,1,1,35,1,0,8.05
5,0,3,0,35,0,0,18
6,0,3,0,27,0,0,11.2417
7,0,1,0,54,0,0,9.475
8,0,3,0,2,3,1,21
9,1,3,1,27,0,2,41.5792
10,1,2,1,14,1,0,7.8792
11,1,3,1,4,1,1,8.05
12,1,1,1,58,0,0,15.5
13,0,3,0,20,0,0,7.75
14,0,3,0,39,1,5,21.6792
15,0,3,1,14,0,0,17.8
16,1,2,1,55,0,0,39.6875
17,0,3,0,2,4,1,7.8
18,1,2,0,23,0,0,76.7292
19,0,3,0,21,0,0,53.1
20,0,3,1,18,2,0,8.05
21,1,3,1,14,1,0,8.4583
22,0,3,1,40,1,0,51.8625
23,0,2,1,27,1,0,21.075
24,1,2,1,3,1,2,11.1333
25,1,3,1,19,0,0,30.0708
26,0,3,0,30,0,0,16.7
27,0,3,0,20,1,0,26.55
28,1,3,1,27,0,0,8.05
29,0,3,0,16,2,0,31.275
30,0,3,1,18,1,0,7.8542
31,0,3,0,7,4,1,16
32,0,3,0,21,0,0,29.125
33,1,1,1,49,1,0,13
34,1,2,1,29,1,0,26
35,0,1,0,65,0,1,61.9792
36,1,1,0,46,0,0,35.5
37,1,2,1,21,0,0,10.5
38,0,3,0,28.5,0,0,7.2292
39,1,2,1,5,1,2,27.75
40,0,3,0,11,5,2,46.9
41,0,3,0,22,0,0,7.2292
42,1,1,1,38,0,0,80
43,0,1,0,45,1,0,83.475
44,0,3,0,4,3,2,27.9
45,0,1,0,64,0,0,27.7208
46,1,3,0,7,1,1,15.2458
47,1,2,1,29,0,0,7.05
48,0,3,0,19,0,0,14.5
49,1,3,1,17,4,2,26
50,0,3,0,26,2,0,13
51,0,2,0,32,0,0,15.0458
52,0,3,1,16,5,2,26.2833
53,0,2,0,21,0,0,53.1
54,0,3,0,26,1,0,9.2167
55,1,3,0,32,0,0,79.2
56,0,3,0,25,0,0,15.2458
57,0,3,0,23,0,0,7.75
58,0,3,0,28,0,0,15.85
59,1,2,0,83,0,2,6.75
60,1,3,1,30,0,0,11.5
61,0,3,0,22,0,0,36.75
62,1,3,0,29,0,0,7.7958
63,1,3,1,31,0,0,34.375
64,0,1,0,28,0,0,26
65,1,2,1,17,0,0,13
66,1,3,1,33,3,0,12.525
67,0,3,0,16,1,3,66.6
68,0,3,0,20,0,0,8.05
69,1,1,1,23,3,2,14.5
70,0,3,0,24,0,0,7.3125
71,0,3,0,29,0,0,61.3792
72,0,3,0,20,0,0,7.7333
73,0,1,0,46,1,0,8.05
74,0,3,0,26,1,2,8.6625
75,0,3,0,59,0,0,69.55
76,0,3,0,22,0,0,8.05
77,0,1,0,71,0,0,34.6542
78,1,1,0,23,0,1,63.3583
79,1,2,1,34,0,1,23
80,0,2,0,34,1,0,26
81,0,3,1,28,0,0,7.8958
82,0,3,0,29,0,0,7.8958
83,0,1,0,21,0,1,77.2875
84,0,3,0,33,0,0,8.6542
85,0,3,0,37,2,0,7.925
86,0,3,0,28,0,0,7.8958
87,1,3,1,21,0,0,7.65
88,1,3,0,29,0,0,7.775
89,0,3,0,38,0,0,7.8958
90,1,3,1,28,1,0,24.15
91,0,1,0,47,0,0,52
92,0,3,1,14.5,1,0,14.4542
93,0,3,0,22,0,0,8.05
94,0,3,1,20,1,0,9.825
95,0,3,1,17,0,0,14.4583
96,0,3,0,21,0,0,7.925
97,0,3,0,70.5,0,0,7.75
98,0,2,0,29,1,0,21
99,0,1,0,24,0,1,247.5208
100,0,3,1,2,4,2,31.275
101,0,2,0,21,2,0,73.5
102,0,3,0,19,0,0,8.05
103,0,2,0,32.5,1,0,30.0708
104,1,2,1,32.5,0,0,13
105,0,1,0,54,0,1,77.2875
106,1,3,0,12,1,0,11.2417
107,0,3,0,19,0,0,7.75
108,1,3,0,24,0,0,7.1417
109,1,3,1,2,1,1,22.3583
110,0,3,0,45,0,0,6.975
111,0,3,0,33,0,0,7.8958
112,0,3,0,20,0,0,10.5
113,0,3,1,47,1,0,8.1583
114,1,2,1,29,1,0,7.925
115,0,2,0,25,0,0,8.6625
116,0,2,0,23,0,0,10.5
117,1,1,1,19,0,2,46.9
118,0,1,0,37,1,0,73.5
119,0,3,0,16,0,0,14.4542
120,0,1,0,24,0,0,56.4958
121,0,3,1,40,0,2,7.65
122,1,3,1,22,0,0,7.8958
123,1,3,1,24,1,0,8.05
124,0,3,0,19,0,0,29
125,0,2,0,18,0,0,12.475
126,0,2,0,19,1,1,9
127,1,3,0,27,0,0,9.5
128,0,3,1,9,2,2,7.7875
129,0,2,0,36.5,0,2,47.1
130,0,2,0,42,0,0,10.5
131,0,2,0,51,0,0,15.85
132,1,1,1,22,1,0,34.375
133,0,3,0,55.5,0,0,8.05
134,0,3,0,40.5,0,2,263
135,0,3,0,27,0,0,8.05
136,0,1,0,51,0,1,30.6958
137,1,3,1,16,0,0,7.8542
138,0,3,0,30,0,0,25.4667
139,0,3,0,37,0,0,28.7125
140,0,3,0,5,8,2,13
141,0,3,0,44,0,1,0
142,1,2,1,40,0,0,15.75
143,0,3,0,26,0,0,7.775
144,0,3,0,17,0,0,8.6625
145,0,3,0,1,4,1,39.6875
146,1,3,0,9,0,2,20.525
147,1,1,1,48,0,1,55
148,0,3,1,45,1,4,27.9
149,0,1,0,60,0,0,25.925
150,0,3,0,28,0,0,56.4958
151,0,1,0,61,0,0,33.5
152,0,3,0,4,4,1,29.125
153,1,3,1,1,1,1,11.1333
154,0,3,0,21,0,0,7.925
155,0,1,0,56,0,0,30.6958
156,0,3,0,18,1,1,7.8542
157,0,3,0,5,3,1,25.4667
158,0,1,1,50,0,0,28.7125
159,0,2,0,30,0,0,13
160,0,3,0,36,0,0,0
161,0,3,1,8,8,2,69.55
162,0,2,0,39,0,0,15.05
163,0,3,0,9,4,2,31.3875
164,1,2,0,1,2,1,39
165,1,3,1,4,0,2,22.025
166,0,1,0,39,0,0,50
167,1,3,1,26,1,0,15.5
168,1,1,0,45,0,0,26.55
169,0,3,0,40,1,1,15.5
170,0,3,0,36,0,0,7.8958
171,1,2,1,32,0,0,13
172,0,2,0,19,0,0,13
173,1,3,1,19,1,0,7.8542
174,1,2,0,3,1,1,26
175,1,1,1,44,0,0,27.7208
176,1,1,1,58,0,0,146.5208
177,0,3,0,28,0,0,7.75
178,0,3,0,42,0,1,8.4042
179,1,3,1,21,0,0,7.75
180,0,2,1,24,0,0,13
181,0,3,0,28,0,0,9.5
182,0,3,0,17,8,2,69.55
183,0,3,0,34,0,0,6.4958
184,0,3,0,46,0,0,7.225
185,1,3,0,18,0,0,8.05
186,0,3,1,2,0,1,10.4625
187,0,3,0,32,1,0,15.85
188,1,3,0,26,0,0,18.7875
189,1,3,1,16,0,0,7.75
190,1,1,0,40,0,0,31
191,0,3,0,24,0,0,7.05
192,1,2,1,35,0,0,21
193,0,3,0,22,0,0,7.25
194,0,2,0,30,0,0,13
195,0,3,0,22,1,0,7.75
196,1,1,1,31,1,0,113.275
197,1,3,1,27,0,0,7.925
198,0,2,0,42,1,0,27
199,1,1,1,32,0,0,76.2917
200,0,2,0,30,0,0,10.5
201,1,3,0,16,0,0,8.05
202,0,2,0,27,0,0,13
203,0,3,0,51,0,0,8.05
204,0,3,0,22,0,0,7.8958
205,1,1,0,38,1,0,90
206,0,3,0,22,0,0,9.35
207,1,2,0,19,0,0,10.5
208,0,3,0,20,0,0,7.25
209,0,2,0,18,0,0,13
210,0,3,1,12,3,1,25.4667
211,1,1,1,35,1,0,83.475
212,0,3,0,29,0,0,7.775
213,0,2,0,59,0,0,13.5
214,1,3,1,5,4,2,31.3875
215,0,2,0,24,0,0,10.5
216,0,3,1,21,0,0,7.55
217,0,2,0,44,1,0,26
218,1,2,1,8,0,2,26.25
219,0,2,0,19,0,0,10.5
220,0,2,0,33,0,0,12.275
221,0,3,1,19,1,0,14.4542
222,1,3,1,18,1,0,15.5
223,0,2,0,29,0,0,10.5
224,0,3,0,22,0,0,7.125
225,0,3,0,30,0,0,7.225
226,0,1,0,44,2,0,90
227,0,3,1,25,0,0,7.775
228,1,2,1,24,0,2,14.5
229,1,1,0,37,1,1,52.5542
230,0,2,0,54,1,0,26
231,0,3,0,18,0,0,7.25
232,0,3,1,29,1,1,10.4625
233,0,1,0,62,0,0,26.55
234,0,3,0,30,1,0,16.1
235,0,3,1,41,0,2,20.2125
236,1,3,1,29,0,2,15.2458
237,1,1,1,38,0,0,79.2
238,1,1,1,30,0,0,86.5
239,1,1,1,35,0,0,512.3292
240,1,2,1,50,0,1,26
241,1,3,0,3,4,2,31.3875
242,0,1,0,52,1,1,79.65
243,0,1,0,40,0,0,0
244,0,3,1,21,0,0,7.75
245,0,2,0,36,0,0,10.5
246,0,3,0,16,4,1,39.6875
247,1,3,0,25,1,0,7.775
248,1,1,1,58,0,1,153.4625
249,1,1,1,35,0,0,135.6333
250,0,1,0,28,0,0,31
251,1,3,0,25,0,0,0
252,1,2,1,41,0,1,19.5
253,0,1,0,37,0,1,29.7
254,1,3,1,33,0,0,7.75
255,1,1,1,63,1,0,77.9583
256,0,3,1,45,0,0,7.75
257,0,2,0,21,0,0,0
258,0,3,0,7,4,1,29.125
259,1,3,1,35,1,1,20.25
260,0,3,0,65,0,0,7.75
261,0,3,0,28,0,0,7.8542
262,0,3,0,16,0,0,9.5
263,1,3,0,19,0,0,8.05
264,0,1,0,57,0,0,26
265,0,3,0,33,0,0,8.6625
266,1,3,0,30,0,0,9.5
267,0,3,0,22,0,0,7.8958
268,1,2,0,42,0,0,13
269,1,3,1,22,0,0,7.75
270,1,1,1,26,0,0,78.85
271,1,1,1,19,1,0,91.0792
272,0,2,0,36,0,0,12.875
273,0,3,1,24,0,0,8.85
274,0,3,0,24,0,0,7.8958
275,0,1,0,30,0,0,27.7208
276,0,3,0,23,0,0,7.2292
277,0,1,1,2,1,2,151.55
278,1,1,0,47,0,0,30.5
279,1,1,1,50,0,1,247.5208
280,1,3,1,20,0,0,7.75
281,1,3,0,24,2,0,23.25
282,0,3,0,19,0,0,0
283,1,2,1,18,0,2,13
284,0,2,0,30,0,0,13
285,0,3,1,10,0,2,24.15
286,0,3,0,21,0,0,7.7333
287,0,3,0,29,0,0,7.875
288,0,3,1,28,1,1,14.4
289,0,1,0,64,1,4,263
290,0,2,0,31,0,0,10.5
291,1,2,1,45,1,1,26.25
292,0,3,0,20,0,0,9.5
293,0,3,0,25,1,0,7.775
294,1,2,1,28,0,0,13
295,1,3,0,29,0,0,8.1125
296,1,1,0,4,0,2,81.8583
297,1,2,1,13,0,1,19.5
298,1,1,0,34,0,0,26.55
299,1,3,1,5,2,1,19.2583
300,1,1,0,52,0,0,30.5
301,0,2,0,36,1,2,27.75
302,0,3,0,28,1,0,19.9667
303,0,1,0,30,0,0,27.75
304,1,1,0,49,1,0,89.1042
305,0,3,0,24,0,0,8.05
306,1,3,0,29,0,0,7.8958
307,0,1,0,65,0,0,26.55
308,1,1,1,41,1,0,51.8625
309,1,2,1,50,0,0,10.5
310,0,3,0,17,0,0,7.75
311,1,1,0,48,0,0,26.55
312,0,3,0,34,0,0,8.05
313,0,1,0,47,0,0,38.5
314,0,2,0,48,0,0,13
315,0,3,0,34,0,0,8.05
316,0,3,0,38,0,0,7.05
317,0,2,0,21,0,0,0
318,0,1,0,56,0,0,26.55
319,0,3,0,22,0,0,7.725
320,1,3,1,75,2,1,19.2583
321,0,3,0,39,0,0,7.25
322,0,3,0,38,0,0,8.6625
323,1,2,1,33,1,2,27.75
324,1,2,1,23,0,0,13.7917
325,0,3,1,22,0,0,9.8375
326,0,1,0,40,0,0,52
327,0,2,0,34,1,0,21
328,0,3,0,29,1,0,7.0458
329,0,3,0,22,0,0,7.5208
330,1,3,1,2,0,1,12.2875
331,0,3,0,9,5,2,46.9
332,0,2,0,37,0,0,0
333,0,3,0,50,0,0,8.05
334,1,3,1,63,0,0,9.5875
335,1,1,0,25,1,0,91.0792
336,0,3,1,8,3,1,25.4667
337,1,1,1,35,1,0,90
338,0,1,0,58,0,0,29.7
339,0,3,0,30,0,0,8.05
340,1,3,0,9,1,1,15.9
341,0,3,0,19,1,0,19.9667
342,0,3,0,21,0,0,7.25
343,0,1,0,55,0,0,30.5
344,0,1,0,71,0,0,49.5042
345,0,3,0,21,0,0,8.05
346,0,3,0,26,0,0,14.4583
347,1,1,1,54,1,0,78.2667
348,0,3,0,55,0,0,15.1
349,0,1,1,25,1,2,151.55
350,0,3,0,24,0,0,7.7958
351,0,3,0,17,0,0,8.6625
352,0,3,1,21,0,0,7.75
353,0,3,1,21,0,0,7.6292
354,0,3,1,37,0,0,9.5875
355,1,1,1,16,0,0,86.5
356,0,1,0,18,1,0,108.9
357,1,2,1,33,0,2,26
358,1,1,0,37,0,0,26.55
359,0,3,0,28,0,0,22.525
360,1,3,0,26,0,0,56.4958
361,1,3,0,29,0,0,7.75
362,0,3,0,66,0,0,8.05
363,1,1,0,36,0,0,26.2875
364,1,1,1,54,1,0,59.4
365,0,3,0,24,0,0,7.4958
366,0,1,0,47,0,0,34.0208
367,1,2,1,34,0,0,10.5
368,0,3,0,30,0,0,24.15
369,1,2,1,36,1,0,26
370,0,3,0,32,0,0,7.8958
371,1,1,1,30,0,0,93.5
372,0,3,0,22,0,0,7.8958
373,0,3,0,35,0,0,7.225
374,1,1,1,44,0,1,57.9792
375,0,3,0,18,0,0,7.2292
376,0,3,0,41,0,0,7.75
377,1,2,1,50,0,0,10.5
378,0,1,0,49,0,0,221.7792
379,0,3,0,39,0,0,7.925
380,0,2,0,23,2,1,11.5
381,1,2,1,2,1,1,26
382,0,3,0,17,0,0,7.2292
383,0,3,0,17,1,1,7.2292
384,1,3,1,24,0,2,22.3583
385,0,3,1,30,0,0,8.6625
386,1,2,1,7,0,2,26.25
387,0,1,0,45,0,0,26.55
388,1,1,1,30,0,0,106.425
389,0,3,0,69,0,0,14.5
390,1,1,1,22,0,2,49.5
391,1,1,1,36,0,2,71
392,0,3,1,9,4,2,31.275
393,0,3,1,11,4,2,31.275
394,1,2,0,32,1,0,26
395,0,1,0,50,1,0,106.425
396,0,1,0,64,0,0,26
397,1,2,1,19,1,0,26
398,1,2,0,27,0,0,13.8625
399,0,3,0,33,1,1,20.525
400,1,2,0,8,1,1,36.75
401,1,1,0,17,0,2,110.8833
402,0,2,0,27,0,0,26
403,0,3,0,21,0,0,7.8292
404,1,3,0,22,0,0,7.225
405,1,3,1,22,0,0,7.775
406,0,1,0,62,0,0,26.55
407,1,1,1,48,1,0,39.6
408,0,1,0,45,0,0,227.525
409,1,1,1,39,1,1,79.65
410,1,3,1,36,1,0,17.4
411,0,3,0,30,0,0,7.75
412,0,3,0,40,0,0,7.8958
413,0,2,0,28,0,0,13.5
414,0,3,0,40,0,0,8.05
415,0,3,1,62,0,0,8.05
416,0,3,0,24,2,0,24.15
417,0,3,0,19,0,0,7.8958
418,0,3,1,29,0,4,21.075
419,0,3,0,28,0,0,7.2292
420,1,3,0,32,0,0,7.8542
421,1,2,0,62,0,0,10.5
422,1,1,1,53,2,0,51.4792
423,1,1,0,36,0,0,26.3875
424,1,3,1,22,0,0,7.75
425,0,3,0,16,0,0,8.05
426,0,3,0,19,0,0,14.5
427,1,2,1,34,0,0,13
428,1,1,1,39,1,0,55.9
429,0,3,1,18,1,0,14.4583
430,1,3,0,32,0,0,7.925
431,1,2,1,25,1,1,30
432,1,1,1,39,1,1,110.8833
433,0,2,0,54,0,0,26
434,0,1,0,36,0,0,40.125
435,0,3,0,16,0,0,8.7125
436,1,1,1,18,0,2,79.65
437,0,2,0,47,0,0,15
438,1,1,0,60,1,1,79.2
439,0,3,0,22,0,0,8.05
440,0,3,0,22,0,0,8.05
441,0,3,0,35,0,0,7.125
442,1,1,1,52,1,0,78.2667
443,0,3,0,47,0,0,7.25
444,0,3,1,40,0,2,7.75
445,0,2,0,37,1,0,26
446,0,3,0,36,1,1,24.15
447,1,2,1,31,0,0,33
448,0,3,0,49,0,0,0
449,0,3,0,18,0,0,7.225
450,1,1,0,49,1,0,56.9292
451,1,2,1,24,2,1,27
452,0,3,0,42,0,0,7.8958
453,0,1,0,37,0,0,42.4
454,0,3,0,44,0,0,8.05
455,1,1,0,35,0,0,26.55
456,0,3,0,36,1,0,15.55
457,0,3,0,30,0,0,7.8958
458,1,1,0,27,0,0,30.5
459,1,2,1,22,1,2,41.5792
460,1,1,1,40,0,0,153.4625
461,0,3,1,39,1,5,31.275
462,0,3,0,21,0,0,7.05
463,1,3,1,18,1,0,15.5
464,0,3,0,22,0,0,7.75
465,0,3,0,35,0,0,8.05
466,1,2,1,24,1,2,65
467,0,3,0,34,1,1,14.4
468,0,3,1,26,1,0,16.1
469,1,2,1,4,2,1,39
470,0,2,0,26,0,0,10.5
471,0,3,0,27,1,0,14.4542
472,1,1,0,42,1,0,52.5542
473,1,3,0,20,1,1,15.7417
474,0,3,0,21,0,0,7.8542
475,0,3,0,21,0,0,16.1
476,0,1,0,61,0,0,32.3208
477,0,2,0,57,0,0,12.35
478,1,1,1,21,0,0,77.9583
479,0,3,0,26,0,0,7.8958
480,0,3,0,18,0,0,7.7333
481,1,1,0,80,0,0,30
482,0,3,0,51,0,0,7.0542
483,1,1,0,32,0,0,30.5
484,0,1,0,30,0,0,0
485,0,3,1,9,3,2,27.9
486,1,2,1,28,0,0,13
487,0,3,0,32,0,0,7.925
488,0,2,0,31,1,1,26.25
489,0,3,1,41,0,5,39.6875
490,0,3,0,37,1,0,16.1
491,0,3,0,20,0,0,7.8542
492,1,1,1,24,0,0,69.3
493,0,3,1,2,3,2,27.9
494,1,3,0,32,0,0,56.4958
495,1,3,1,75,2,1,19.2583
496,1,1,0,48,1,0,76.7292
497,0,3,0,19,0,0,7.8958
498,1,1,0,56,0,0,35.5
499,0,3,0,21,0,0,7.55
500,1,3,1,23,0,0,7.55
501,0,3,0,23,0,0,7.8958
502,1,2,1,18,0,1,23
503,0,3,0,21,0,0,8.4333
504,1,3,1,16,0,0,7.8292
505,0,3,1,18,0,0,6.75
506,0,2,0,24,2,0,73.5
507,0,3,0,27,0,0,7.8958
508,0,3,1,32,1,1,15.5
509,0,2,0,23,0,0,13
510,0,1,0,58,0,2,113.275
511,1,1,0,50,2,0,133.65
512,0,3,0,40,0,0,7.225
513,0,1,0,47,0,0,25.5875
514,0,3,0,36,0,0,7.4958
515,1,3,0,20,1,0,7.925
516,0,2,0,32,2,0,73.5
517,0,2,0,25,0,0,13
518,0,3,0,49,0,0,7.775
519,0,3,0,43,0,0,8.05
520,1,1,1,48,1,0,52
521,1,2,1,40,1,1,39
522,0,1,0,31,1,0,52
523,0,2,0,70,0,0,10.5
524,1,2,0,31,0,0,13
525,0,2,0,19,0,0,0
526,0,3,0,18,0,0,7.775
527,0,3,0,24,0,0,8.05
528,1,3,1,18,0,0,9.8417
529,0,3,1,43,1,6,46.9
530,1,1,0,36,0,1,512.3292
531,0,3,1,28,0,0,8.1375
532,1,1,0,27,0,0,76.7292
533,0,3,0,20,0,0,9.225
534,0,3,0,14,5,2,46.9
535,0,2,0,60,1,1,39
536,0,2,0,25,1,2,41.5792
537,0,3,0,14,4,1,39.6875
538,0,3,0,19,0,0,10.1708
539,0,3,0,18,0,0,7.7958
540,1,1,1,15,0,1,211.3375
541,1,1,0,31,1,0,57
542,1,3,1,4,0,1,13.4167
543,1,3,0,37,0,0,56.4958
544,0,3,0,25,0,0,7.225
545,0,1,0,60,0,0,26.55
546,0,2,0,52,0,0,13.5
547,0,3,0,44,0,0,8.05
548,1,3,1,19,0,0,7.7333
549,0,1,0,49,1,1,110.8833
550,0,3,0,42,0,0,7.65
551,1,1,1,18,1,0,227.525
552,1,1,0,35,0,0,26.2875
553,0,3,1,18,0,1,14.4542
554,0,3,0,25,0,0,7.7417
555,0,3,0,26,1,0,7.8542
556,0,2,0,39,0,0,26
557,1,2,1,45,0,0,13.5
558,1,1,0,42,0,0,26.2875
559,1,1,1,22,0,0,151.55
560,1,3,0,4,1,1,15.2458
561,1,1,1,24,0,0,49.5042
562,0,1,0,41,0,0,26.55
563,1,1,0,48,1,0,52
564,0,3,0,29,0,0,9.4833
565,0,2,0,52,0,0,13
566,0,3,0,19,0,0,7.65
567,1,1,1,38,0,0,227.525
568,1,2,1,27,0,0,10.5
569,0,3,0,33,0,0,7.775
570,1,2,1,6,0,1,33
571,0,3,0,17,1,0,7.0542
572,0,2,0,34,0,0,13
573,0,2,0,50,0,0,13
574,1,1,0,27,1,0,53.1
575,0,3,0,20,0,0,8.6625
576,1,2,1,30,3,0,21
577,1,3,1,28,0,0,7.7375
578,0,2,0,25,1,0,26
579,0,3,1,25,1,0,7.925
580,1,1,1,29,0,0,211.3375
581,0,3,0,11,0,0,18.7875
582,0,2,0,41,0,0,0
583,0,2,0,23,0,0,13
584,0,2,0,23,0,0,13
585,0,3,0,28,0,0,16.1
586,0,3,1,48,1,3,34.375
587,1,1,0,35,0,0,512.3292
588,0,3,0,20,0,0,7.8958
589,0,3,0,32,0,0,7.8958
590,1,1,0,45,0,0,30
591,0,1,0,36,1,0,78.85
592,1,1,1,21,2,2,262.375
593,0,3,0,24,1,0,16.1
594,1,3,0,31,0,0,7.925
595,0,1,0,70,1,1,71
596,0,3,0,16,1,1,20.25
597,1,2,1,30,0,0,13
598,0,1,0,19,1,0,53.1
599,0,3,0,31,0,0,7.75
600,1,2,1,4,1,1,23
601,1,3,0,6,0,1,12.475
602,0,3,0,33,0,0,9.5
603,0,3,0,23,0,0,7.8958
604,1,2,1,48,1,2,65
605,1,2,0,2,1,1,14.5
606,0,3,0,28,0,0,7.7958
607,0,2,0,18,0,0,11.5
608,0,3,0,34,0,0,8.05
609,1,1,1,33,0,0,86.5
610,0,3,0,23,0,0,14.5
611,0,3,0,41,0,0,7.125
612,1,3,0,20,0,0,7.2292
613,1,1,1,36,1,2,120
614,0,3,0,16,0,0,7.775
615,1,1,1,51,1,0,77.9583
616,0,1,0,46,0,0,39.6
617,0,3,1,34,0,0,7.75
618,0,3,0,28,1,0,24.15
619,0,3,0,32,0,0,8.3625
620,0,3,0,24,0,0,9.5
621,0,3,0,48,0,0,7.8542
622,0,2,1,57,0,0,10.5
623,0,3,0,29,0,0,7.225
624,1,2,1,54,1,3,23
625,0,3,0,18,0,0,7.75
626,0,3,0,20,0,0,7.75
627,1,3,1,5,0,0,12.475
628,0,3,0,22,0,0,7.7375
629,1,1,1,43,0,1,211.3375
630,1,3,1,13,0,0,7.2292
631,1,1,1,17,1,0,57
632,0,1,0,29,0,0,30
633,0,3,0,35,1,2,23.45
634,0,3,0,25,0,0,7.05
635,0,3,0,25,0,0,7.25
636,1,3,1,18,0,0,7.4958
637,0,3,0,8,4,1,29.125
638,1,3,0,1,1,2,20.575
639,0,1,0,46,0,0,79.2
640,0,3,0,20,0,0,7.75
641,0,2,0,16,0,0,26
642,0,3,1,21,8,2,69.55
643,0,1,0,43,0,0,30.6958
644,0,3,0,25,0,0,7.8958
645,0,2,0,39,0,0,13
646,1,1,1,49,0,0,25.9292
647,1,3,1,31,0,0,8.6833
648,0,3,0,30,0,0,7.2292
649,0,3,1,30,1,1,24.15
650,0,2,0,34,0,0,13
651,1,2,1,31,1,1,26.25
652,1,1,0,11,1,2,120
653,1,3,0,2,0,1,8.5167
654,1,3,0,27,0,0,6.975
655,0,3,0,31,0,0,7.775
656,0,1,0,39,0,0,0
657,0,3,1,18,0,0,7.775
658,0,2,0,39,0,0,13
659,1,1,1,33,1,0,53.1
660,0,3,0,26,0,0,7.8875
661,0,3,0,39,0,0,24.15
662,0,2,0,35,0,0,10.5
663,0,3,1,6,4,2,31.275
664,0,3,0,32,0,0,8.05
665,0,1,0,39,0,0,0
666,0,3,1,23,0,0,7.925
667,0,2,0,31,1,1,37.0042
668,0,3,0,43,0,0,6.45
669,0,3,0,10,3,2,27.9
670,1,1,1,52,1,1,93.5
671,1,3,0,27,0,0,8.6625
672,0,1,0,38,0,0,0
673,1,3,1,27,0,1,12.475
674,0,3,0,2,4,1,39.6875
675,0,3,0,36,0,0,6.95
676,0,3,0,23,0,0,56.4958
677,1,2,0,1,0,2,37.0042
678,1,3,0,19,0,0,7.75
679,1,1,1,62,0,0,80
680,1,3,1,15,1,0,14.4542
681,1,2,0,82,1,1,18.75
682,0,3,0,30,0,0,7.2292
683,0,3,0,23,0,0,7.8542
684,0,3,0,18,0,0,8.3
685,1,1,1,39,1,1,83.1583
686,0,3,0,21,0,0,8.6625
687,0,3,0,20,0,0,8.05
688,1,3,0,32,0,0,56.4958
689,1,1,0,29,0,0,29.7
690,0,3,0,20,0,0,7.925
691,0,2,0,16,0,0,10.5
692,1,1,1,30,0,0,31
693,0,3,0,35,0,0,6.4375
694,0,3,0,17,0,0,8.6625
695,0,3,0,42,0,0,7.55
696,0,3,0,18,8,2,69.55
697,0,3,0,35,0,0,7.8958
698,0,2,0,28,0,1,33
699,1,1,1,40,1,0,89.1042
700,0,3,0,4,4,2,31.275
701,0,3,0,74,0,0,7.775
702,0,3,1,9,1,1,15.2458
703,1,1,1,16,0,1,39.4
704,0,2,1,44,1,0,26
705,1,3,1,18,0,1,9.35
706,1,1,1,45,1,1,164.8667
707,1,1,0,51,0,0,26.55
708,1,3,1,24,0,3,19.2583
709,0,3,0,30,0,0,7.2292
710,0,3,0,41,2,0,14.1083
711,0,2,0,21,1,0,11.5
712,1,1,1,48,0,0,25.9292
713,0,3,1,14,8,2,69.55
714,0,2,0,24,0,0,13
715,1,2,1,42,0,0,13
716,1,2,1,27,1,0,13.8583
717,0,1,0,31,0,0,50.4958
718,0,3,0,23,0,0,9.5
719,1,3,0,4,1,1,11.1333
720,0,3,0,26,0,0,7.8958
721,1,1,1,47,1,1,52.5542
722,0,1,0,33,0,0,5
723,0,3,0,47,0,0,9
724,1,2,1,28,1,0,24
725,1,3,1,15,0,0,7.225
726,0,3,0,20,0,0,9.8458
727,1,1,1,48,1,0,146.5208
728,1,3,1,18,0,0,7.75
729,0,2,0,66,0,0,10.5
730,0,1,0,28,1,0,7.25
731,0,1,0,42,1,0,71.2833
732,1,3,0,18,0,0,7.925
733,0,3,0,21,0,0,53.1
734,0,3,1,18,2,0,8.05
735,1,3,1,14,1,0,8.4583
736,0,3,1,40,1,0,51.8625
737,0,2,1,27,1,0,21.075
738,1,2,1,3,1,2,11.1333
739,1,3,1,19,0,0,30.0708
740,0,3,0,30,0,0,16.7
741,0,3,0,20,1,0,26.55
742,1,3,1,27,0,0,8.05
743,0,3,0,16,2,0,31.275
744,0,3,1,18,1,0,7.8542
745,0,3,0,7,4,1,16
746,0,3,0,21,0,0,29.125
747,1,1,1,49,1,0,13
748,1,2,1,29,1,0,26
749,0,1,0,65,0,1,61.9792
750,1,1,0,46,0,0,35.5
751,1,2,1,21,0,0,10.5
752,0,3,0,28.5,0,0,7.2292
753,1,2,1,5,1,2,27.75
754,0,3,0,11,5,2,46.9
755,0,3,0,22,0,0,7.2292
756,1,1,1,38,0,0,80
757,0,1,0,45,1,0,83.475
758,0,3,0,4,3,2,27.9
759,0,1,0,64,0,0,27.7208
760,1,3,0,7,1,1,15.2458
761,1,2,1,29,0,0,7.05
762,0,3,0,19,0,0,14.5
763,1,3,1,17,4,2,26
764,0,3,0,26,2,0,13
765,0,2,0,32,0,0,15.0458
766,0,3,1,16,5,2,26.2833
767,0,2,0,21,0,0,53.1
768,0,3,0,26,1,0,9.2167
769,1,3,0,32,0,0,79.2
770,0,3,0,25,0,0,15.2458
771,0,3,0,23,0,0,7.75
772,0,3,0,28,0,0,15.85
773,1,2,0,83,0,2,6.75
774,1,3,1,30,0,0,11.5
775,0,3,0,22,0,0,36.75
776,1,3,0,29,0,0,7.7958
777,1,3,1,31,0,0,34.375
778,0,1,0,28,0,0,26
779,1,2,1,17,0,0,13
780,1,3,1,33,3,0,12.525
781,0,3,0,16,1,3,66.6
782,0,3,0,20,0,0,8.05
783,1,1,1,23,3,2,14.5
784,0,3,0,24,0,0,7.3125
785,0,3,0,29,0,0,61.3792
786,0,3,0,20,0,0,7.7333
787,0,1,0,46,1,0,8.05
788,0,3,0,26,1,2,8.6625
789,0,3,0,59,0,0,69.55
790,0,3,0,22,0,0,8.05
791,0,1,0,71,0,0,34.6542
792,1,1,0,23,0,1,63.3583
793,1,2,1,34,0,1,23
794,0,2,0,34,1,0,26
795,0,3,1,28,0,0,7.8958
796,0,3,0,29,0,0,7.8958
797,0,1,0,21,0,1,77.2875
798,0,3,0,33,0,0,8.6542
799,0,3,0,37,2,0,7.925
800,0,3,0,28,0,0,7.8958
801,1,3,1,21,0,0,7.65
802,1,3,0,29,0,0,7.775
803,0,3,0,38,0,0,7.8958
804,1,3,1,28,1,0,24.15
805,0,1,0,47,0,0,52
806,0,3,1,14.5,1,0,14.4542
807,0,3,0,22,0,0,8.05
808,0,3,1,20,1,0,9.825
809,0,3,1,17,0,0,14.4583
810,0,3,0,21,0,0,7.925
811,0,3,0,70.5,0,0,7.75
812,0,2,0,29,1,0,21
813,0,1,0,24,0,1,247.5208
814,0,3,1,2,4,2,31.275
815,0,2,0,21,2,0,73.5
816,0,3,0,19,0,0,8.05
817,0,2,0,32.5,1,0,30.0708
818,1,2,1,32.5,0,0,13
819,0,1,0,54,0,1,77.2875
820,1,3,0,12,1,0,11.2417
821,0,3,0,19,0,0,7.75
822,1,3,0,24,0,0,7.1417
823,1,3,1,2,1,1,22.3583
824,0,3,0,45,0,0,6.975
825,0,3,0,33,0,0,7.8958
826,0,3,0,20,0,0,10.5
827,0,3,1,47,1,0,8.1583
828,1,2,1,29,1,0,7.925
829,0,2,0,25,0,0,8.6625
830,0,2,0,23,0,0,10.5
831,1,1,1,19,0,2,46.9
832,0,1,0,37,1,0,73.5
833,0,3,0,16,0,0,14.4542
834,0,1,0,24,0,0,56.4958
835,0,3,1,40,0,2,7.65
836,1,3,1,22,0,0,7.8958
837,1,3,1,24,1,0,8.05
838,0,3,0,19,0,0,29
839,0,2,0,18,0,0,12.475
840,0,2,0,19,1,1,9
841,1,3,0,27,0,0,9.5
842,0,3,1,9,2,2,7.7875
843,0,2,0,28,0,0,13.5
844,0,3,0,40,0,0,8.05
845,0,3,1,62,0,0,8.05
846,0,3,0,24,2,0,24.15
847,0,3,0,19,0,0,7.8958
848,0,3,1,29,0,4,21.075
849,0,3,0,28,0,0,7.2292
850,1,3,0,32,0,0,7.8542
851,1,2,0,62,0,0,10.5
852,1,1,1,53,2,0,51.4792
853,1,1,0,36,0,0,26.3875
854,1,3,1,22,0,0,7.75
855,0,3,0,16,0,0,8.05
856,0,3,0,19,0,0,14.5
857,1,2,1,34,0,0,13
858,1,1,1,39,1,0,55.9
859,0,3,1,18,1,0,14.4583
860,1,3,0,32,0,0,7.925
861,1,2,1,25,1,1,30
862,1,1,1,39,1,1,110.8833
863,0,2,0,54,0,0,26
864,0,1,0,36,0,0,40.125
865,0,3,0,16,0,0,8.7125
866,1,1,1,18,0,2,79.65
867,0,2,0,47,0,0,15
868,1,1,0,60,1,1,79.2
869,0,3,0,22,0,0,8.05
870,0,3,0,22,0,0,8.05
871,0,3,0,35,0,0,7.125
872,1,1,1,52,1,0,78.2667
873,0,3,0,47,0,0,7.25
874,0,3,1,40,0,2,7.75
875,0,2,0,37,1,0,26
876,0,3,0,36,1,1,24.15
877,1,2,1,31,0,0,33
878,0,3,0,49,0,0,0
879,0,3,0,18,0,0,7.225
880,1,1,0,49,1,0,56.9292
881,1,2,1,24,2,1,27
882,0,3,0,42,0,0,7.8958
883,0,1,0,37,0,0,42.4
884,0,3,0,44,0,0,8.05
885,1,1,0,35,0,0,26.55
886,0,3,0,36,1,0,15.55
887,0,3,0,30,0,0,7.8958
888,1,1,0,27,0,0,30.5
889,1,2,1,22,1,2,41.5792
890,1,1,1,40,0,0,153.4625
891,0,3,1,39,1,5,31.275
892,0,3,0,21,0,0,7.05
893,1,3,1,18,1,0,15.5
894,0,3,0,22,0,0,7.75
895,0,3,0,35,0,0,8.05
896,1,2,1,24,1,2,65
897,0,3,0,34,1,1,14.4
898,0,3,1,26,1,0,16.1
899,1,2,1,4,2,1,39
900,0,2,0,26,0,0,10.5
901,0,3,0,27,1,0,14.4542
902,1,1,0,42,1,0,52.5542
903,1,3,0,20,1,1,15.7417
904,0,3,0,21,0,0,7.8542
905,0,3,0,21,0,0,16.1
906,0,1,0,61,0,0,32.3208
907,0,2,0,57,0,0,12.35
908,1,1,1,21,0,0,77.9583
909,0,3,0,26,0,0,7.8958
910,0,3,0,18,0,0,7.7333
911,1,1,0,80,0,0,30
912,0,3,0,51,0,0,7.0542
913,1,1,0,32,0,0,30.5
914,0,1,0,30,0,0,0
915,0,3,1,9,3,2,27.9
916,1,2,1,28,0,0,13
917,0,3,0,32,0,0,7.925
918,0,2,0,31,1,1,26.25
919,0,3,1,41,0,5,39.6875
920,0,3,0,37,1,0,16.1
921,0,3,0,20,0,0,7.8542
922,1,1,1,24,0,0,69.3
923,0,3,1,2,3,2,27.9
924,1,3,0,32,0,0,56.4958
925,1,3,1,75,2,1,19.2583
926,1,1,0,48,1,0,76.7292
927,0,3,0,19,0,0,7.8958
928,1,1,0,56,0,0,35.5
929,0,3,0,21,0,0,7.55
930,1,3,1,23,0,0,7.55
931,0,3,0,23,0,0,7.8958
932,1,2,1,18,0,1,23
933,0,3,0,21,0,0,8.4333
934,1,3,1,16,0,0,7.8292
935,0,3,1,18,0,0,6.75
936,0,2,0,24,2,0,73.5
937,0,3,0,27,0,0,7.8958
938,0,3,1,32,1,1,15.5
939,0,2,0,23,0,0,13
940,0,1,0,58,0,2,113.275
941,1,1,0,50,2,0,133.65
942,0,3,0,40,0,0,7.225
943,0,1,0,47,0,0,25.5875
944,0,3,0,36,0,0,7.4958
945,1,3,0,20,1,0,7.925
946,0,2,0,32,2,0,73.5
947,0,2,0,25,0,0,13
948,0,3,0,49,0,0,7.775
949,0,3,0,43,0,0,8.05
950,1,1,1,48,1,0,52
951,1,2,1,40,1,1,39
952,0,1,0,31,1,0,52
953,0,2,0,70,0,0,10.5
954,1,2,0,31,0,0,13
955,0,2,0,19,0,0,0
956,0,3,0,18,0,0,7.775
957,0,3,0,24,0,0,8.05
958,1,3,1,18,0,0,9.8417
959,0,3,1,43,1,6,46.9
960,1,1,0,36,0,1,512.3292
961,0,3,1,28,0,0,8.1375
962,1,1,0,27,0,0,76.7292
963,0,3,0,20,0,0,9.225
964,0,3,0,14,5,2,46.9
965,0,2,0,60,1,1,39
966,0,2,0,25,1,2,41.5792
967,0,3,0,14,4,1,39.6875
968,0,3,0,19,0,0,10.1708
969,0,3,0,18,0,0,7.7958
970,1,1,1,15,0,1,211.3375
971,1,1,0,31,1,0,57
972,1,3,1,4,0,1,13.4167
973,1,3,0,37,0,0,56.4958
974,0,3,0,25,0,0,7.225
975,0,1,0,60,0,0,26.55
976,0,2,0,52,0,0,13.5
977,0,3,0,44,0,0,8.05
978,1,3,1,19,0,0,7.7333
979,0,1,0,49,1,1,110.8833
980,0,3,0,42,0,0,7.65
981,1,1,1,18,1,0,227.525
982,1,1,0,35,0,0,26.2875
983,0,3,1,18,0,1,14.4542
984,0,3,0,25,0,0,7.7417
985,0,3,0,26,1,0,7.8542
986,0,2,0,39,0,0,26
987,1,2,1,45,0,0,13.5
988,1,1,0,42,0,0,26.2875
989,1,1,1,22,0,0,151.55
990,1,3,0,4,1,1,15.2458
991,1,1,1,24,0,0,49.5042
992,0,1,0,41,0,0,26.55
993,1,1,0,48,1,0,52
994,0,3,0,29,0,0,9.4833
995,0,2,0,52,0,0,13
996,0,3,0,19,0,0,7.65
997,1,1,1,38,0,0,227.525
998,1,2,1,27,0,0,10.5
999,0,3,0,33,0,0,7.775
1000,1,2,1,6,0,1,33
1001,0,3,0,17,1,0,7.0542
1002,0,2,0,34,0,0,13
1003,0,2,0,50,0,0,13
1004,1,1,0,27,1,0,53.1
1005,0,3,0,20,0,0,8.6625
1006,1,2,1,30,3,0,21
1007,1,3,1,28,0,0,7.7375
1008,0,2,0,25,1,0,26
1009,0,3,1,25,1,0,7.925
1010,1,1,1,29,0,0,211.3375
1011,0,3,0,11,0,0,18.7875
1012,0,2,0,41,0,0,0
1013,0,2,0,23,0,0,13
1014,0,2,0,23,0,0,13
1015,0,3,0,28,0,0,16.1
1016,0,3,1,48,1,3,34.375
1017,1,1,0,35,0,0,512.3292
1018,0,3,0,20,0,0,7.8958
1019,0,3,0,32,0,0,7.8958
1020,1,1,0,45,0,0,30
1021,0,1,0,36,1,0,78.85
1022,1,1,1,21,2,2,262.375
1023,0,3,0,24,1,0,16.1
1024,1,3,0,31,0,0,7.925
1025,0,1,0,70,1,1,71
1026,0,3,0,16,1,1,20.25
1027,1,2,1,30,0,0,13
1028,0,1,0,19,1,0,53.1
1029,0,3,0,31,0,0,7.75
1030,1,2,1,4,1,1,23
1031,1,3,0,6,0,1,12.475
1032,0,3,0,33,0,0,9.5
1033,0,3,0,23,0,0,7.8958
1034,1,2,1,48,1,2,65
1035,1,2,0,2,1,1,14.5
1036,0,3,0,28,0,0,7.7958
1037,0,2,0,18,0,0,11.5
1038,0,3,0,34,0,0,8.05
1039,1,1,1,33,0,0,86.5
1040,0,3,0,23,0,0,14.5
1041,0,3,0,41,0,0,7.125
1042,1,3,0,20,0,0,7.2292
1043,1,1,1,36,1,2,120
1044,0,3,0,16,0,0,7.775
1045,1,1,1,51,1,0,77.9583
1046,0,1,0,46,0,0,39.6
1047,0,3,1,34,0,0,7.75
1048,0,3,0,28,1,0,24.15
1049,0,3,0,32,0,0,8.3625
1050,0,3,0,24,0,0,9.5
1051,0,3,0,48,0,0,7.8542
1052,0,2,1,57,0,0,10.5
1053,0,3,0,29,0,0,7.225
1054,1,2,1,54,1,3,23
1055,0,3,0,18,0,0,7.75
1056,0,3,0,20,0,0,7.75
1057,1,3,1,5,0,0,12.475
1058,0,3,0,22,0,0,7.7375
1059,1,1,1,43,0,1,211.3375
1060,1,3,1,13,0,0,7.2292
1061,1,1,1,17,1,0,57
1062,0,1,0,29,0,0,30
1063,0,3,0,35,1,2,23.45
1064,0,3,0,25,0,0,7.05
1065,0,3,0,25,0,0,7.25
1066,1,3,1,18,0,0,7.4958
1067,0,3,0,8,4,1,29.125
1068,1,3,0,1,1,2,20.575
1069,0,1,0,46,0,0,79.2
1070,0,3,0,20,0,0,7.75
1071,0,2,0,16,0,0,26
1072,0,3,1,21,8,2,69.55
1073,0,1,0,43,0,0,30.6958
1074,0,3,0,25,0,0,7.8958
1075,0,2,0,39,0,0,13
1076,1,1,1,49,0,0,25.9292
1077,1,3,1,31,0,0,8.6833
1078,0,3,0,30,0,0,7.2292
1079,0,3,1,30,1,1,24.15
1080,0,2,0,34,0,0,13
1081,1,2,1,31,1,1,26.25
1082,1,1,0,11,1,2,120
1083,1,3,0,2,0,1,8.5167
1084,1,3,0,27,0,0,6.975
1085,0,3,0,31,0,0,7.775
1086,0,1,0,39,0,0,0
1087,0,3,1,18,0,0,7.775
1088,0,2,0,39,0,0,13
1089,1,1,1,33,1,0,53.1
1090,0,3,0,26,0,0,7.8875
1091,0,3,0,39,0,0,24.15
1092,0,2,0,35,0,0,10.5
1093,0,3,1,6,4,2,31.275
1094,0,3,0,32,0,0,8.05
1095,0,1,0,39,0,0,0
1096,0,3,1,23,0,0,7.925
1097,0,2,0,31,1,1,37.0042
1098,0,3,0,43,0,0,6.45
1099,0,3,0,10,3,2,27.9
1100,1,1,1,52,1,1,93.5
1101,1,3,0,27,0,0,8.6625
1102,0,1,0,38,0,0,0
1103,1,3,1,27,0,1,12.475
1104,0,3,0,2,4,1,39.6875
1105,0,3,0,18,0,0,8.3
1106,1,1,1,39,1,1,83.1583
1107,0,3,0,21,0,0,8.6625
1108,0,3,0,20,0,0,8.05
1109,1,3,0,32,0,0,56.4958
1110,1,1,0,29,0,0,29.7
1111,0,3,0,20,0,0,7.925
1112,0,2,0,16,0,0,10.5
1113,1,1,1,30,0,0,31
1114,0,3,0,35,0,0,6.4375
1115,0,3,0,17,0,0,8.6625
1116,0,3,0,42,0,0,7.55
1117,0,3,0,18,8,2,69.55
1118,0,3,0,35,0,0,7.8958
1119,0,2,0,28,0,1,33
1120,1,1,1,40,1,0,89.1042
1121,0,3,0,4,4,2,31.275
1122,0,3,0,74,0,0,7.775
1123,0,3,1,9,1,1,15.2458
1124,1,1,1,16,0,1,39.4
1125,0,2,1,44,1,0,26
1126,1,3,1,18,0,1,9.35
1127,1,1,1,45,1,1,164.8667
1128,1,1,0,51,0,0,26.55
1129,1,3,1,24,0,3,19.2583
1130,0,3,0,30,0,0,7.2292
1131,0,3,0,41,2,0,14.1083
1132,0,2,0,21,1,0,11.5
1133,1,1,1,48,0,0,25.9292
1134,0,3,1,14,8,2,69.55
1135,0,2,0,24,0,0,13
1136,1,2,1,42,0,0,13
1137,1,2,1,27,1,0,13.8583
1138,0,1,0,31,0,0,50.4958
1139,0,3,0,23,0,0,9.5
1140,1,3,0,4,1,1,11.1333
1141,0,3,0,26,0,0,7.8958
1142,1,1,1,47,1,1,52.5542
1143,0,1,0,33,0,0,5
1144,0,3,0,47,0,0,9
1145,1,2,1,28,1,0,24
1146,1,3,1,15,0,0,7.225
1147,0,3,0,20,0,0,9.8458
1148,0,3,0,19,0,0,7.8958
1149,0,3,0,23,0,0,7.8958
1150,1,1,1,56,0,1,83.1583
1151,1,2,1,25,0,1,26
1152,0,3,0,33,0,0,7.8958
1153,0,3,1,22,0,0,10.5167
1154,0,2,0,28,0,0,10.5
1155,0,3,0,25,0,0,7.05
1156,0,3,1,39,0,5,29.125
1157,0,2,0,27,0,0,13
1158,1,1,1,19,0,0,30
1159,0,3,1,7,1,2,23.45
1160,1,1,0,26,0,0,30
1161,0,3,0,32,0,0,7.75
1162,1,1,1,48,1,0,146.5208
1163,1,3,1,18,0,0,7.75
1164,0,2,0,66,0,0,10.5
1165,0,1,0,28,1,0,7.25
1166,0,1,0,42,1,0,71.2833
1167,1,3,0,18,0,0,7.925
1168,0,3,0,21,0,0,53.1
1169,0,3,1,18,2,0,8.05
1170,1,3,1,14,1,0,8.4583
1171,0,3,1,40,1,0,51.8625
1172,0,2,1,27,1,0,21.075
1173,1,2,1,3,1,2,11.1333
1174,1,3,1,19,0,0,30.0708
1175,0,3,0,30,0,0,16.7
1176,0,3,0,20,1,0,26.55
1177,1,3,1,27,0,0,8.05
1178,0,3,0,16,2,0,31.275
1179,0,3,1,18,1,0,7.8542
1180,0,3,0,7,4,1,16
1181,0,3,0,21,0,0,29.125
1182,1,1,1,49,1,0,13
1183,1,2,1,29,1,0,26
1184,0,1,0,65,0,1,61.9792
1185,1,1,0,46,0,0,35.5
1186,1,2,1,21,0,0,10.5
1187,0,3,0,28.5,0,0,7.2292
1188,1,2,1,5,1,2,27.75
1189,0,3,0,11,5,2,46.9
1190,0,3,0,22,0,0,7.2292
1191,1,1,1,38,0,0,80
1192,0,1,0,45,1,0,83.475
1193,0,3,0,4,3,2,27.9
1194,0,1,0,64,0,0,27.7208
1195,1,3,0,7,1,1,15.2458
1196,1,2,1,29,0,0,7.05
1197,0,3,0,19,0,0,14.5
1198,1,3,1,17,4,2,26
1199,0,3,0,26,2,0,13
1200,0,2,0,32,0,0,15.0458
1201,0,3,1,16,5,2,26.2833
1202,0,2,0,21,0,0,53.1
1203,0,3,0,26,1,0,9.2167
1204,1,3,0,32,0,0,79.2
1205,0,3,0,25,0,0,15.2458
1206,0,3,0,23,0,0,7.75
1207,0,3,0,28,0,0,15.85
1208,1,2,0,83,0,2,6.75
1209,1,3,1,30,0,0,11.5
1210,0,3,0,22,0,0,36.75
1211,1,3,0,29,0,0,7.7958
1212,1,3,1,31,0,0,34.375
1213,0,1,0,28,0,0,26
1214,1,2,1,17,0,0,13
1215,1,3,1,33,3,0,12.525
1216,0,3,0,16,1,3,66.6
1217,0,3,0,20,0,0,8.05
1218,1,1,1,23,3,2,14.5
1219,0,3,0,24,0,0,7.3125
1220,0,3,0,29,0,0,61.3792
1221,0,3,0,20,0,0,7.7333
1222,0,1,0,46,1,0,8.05
1223,0,3,0,26,1,2,8.6625
1224,0,3,0,59,0,0,69.55
1225,0,3,0,22,0,0,8.05
1226,0,1,0,71,0,0,34.6542
1227,1,1,0,23,0,1,63.3583
1228,1,2,1,34,0,1,23
1229,0,2,0,34,1,0,26
1230,0,3,1,28,0,0,7.8958
1231,0,3,0,29,0,0,7.8958
1232,0,1,0,21,0,1,77.2875
1233,0,3,0,33,0,0,8.6542
1234,0,3,0,37,2,0,7.925
1235,0,3,0,28,0,0,7.8958
1236,1,3,1,21,0,0,7.65
1237,1,3,0,29,0,0,7.775
1238,0,3,0,38,0,0,7.8958
1239,1,3,1,28,1,0,24.15
1240,0,1,0,47,0,0,52
1241,0,3,1,14.5,1,0,14.4542
1242,0,3,0,22,0,0,8.05
1243,0,3,1,20,1,0,9.825
1244,0,3,1,17,0,0,14.4583
1245,0,3,0,21,0,0,7.925
1246,0,3,0,70.5,0,0,7.75
1247,0,2,0,29,1,0,21
1248,0,1,0,24,0,1,247.5208
1249,0,3,1,2,4,2,31.275
1250,0,2,0,21,2,0,73.5
1251,0,3,0,19,0,0,8.05
1252,0,2,0,32.5,1,0,30.0708
1253,1,2,1,32.5,0,0,13
1254,0,1,0,54,0,1,77.2875
1255,1,3,0,12,1,0,11.2417
1256,0,3,0,19,0,0,7.75
1257,1,3,0,24,0,0,7.1417
1258,1,3,1,2,1,1,22.3583
1259,0,3,0,45,0,0,6.975
1260,0,3,0,33,0,0,7.8958
1261,0,3,0,20,0,0,10.5
1262,0,3,1,47,1,0,8.1583
1263,1,2,1,29,1,0,7.925
1264,0,2,0,25,0,0,8.6625
1265,0,2,0,23,0,0,10.5
1266,1,1,1,19,0,2,46.9
1267,0,1,0,37,1,0,73.5
1268,0,3,0,16,0,0,14.4542
1269,0,1,0,24,0,0,56.4958
1270,1,1,0,43,2,0,74.5
1271,1,2,0,26,0,0,24.5622
1272,1,1,1,32,0,0,76.2917
1273,0,2,0,30,0,0,10.5
1274,1,3,0,16,0,0,8.05
1275,0,2,0,27,0,0,13
1276,0,3,0,51,0,0,8.05
1277,0,3,0,22,0,0,7.8958
1278,1,1,0,38,1,0,90
1279,0,3,0,22,0,0,9.35
1280,1,2,0,19,0,0,10.5
1281,0,3,0,20,0,0,7.25
1282,0,2,0,18,0,0,13
1283,0,3,1,12,3,1,25.4667
1284,1,1,1,35,1,0,83.475
1285,0,3,0,29,0,0,7.775
1286,0,2,0,59,0,0,13.5
1287,1,3,1,5,4,2,31.3875
1288,0,2,0,24,0,0,10.5
1289,0,3,1,21,0,0,7.55
1290,0,2,0,44,1,0,26
1291,1,2,1,8,0,2,26.25
1292,0,2,0,19,0,0,10.5
1293,0,2,0,33,0,0,12.275
1294,0,3,1,19,1,0,14.4542
1295,1,3,1,18,1,0,15.5
1296,0,2,0,29,0,0,10.5
1297,0,3,0,22,0,0,7.125
1298,0,3,0,30,0,0,7.225
1299,0,1,0,44,2,0,90
1300,0,3,1,25,0,0,7.775
1301,1,2,1,24,0,2,14.5
1302,1,1,0,37,1,1,52.5542
1303,0,2,0,54,1,0,26
1304,0,3,0,18,0,0,7.25
1305,0,3,1,29,1,1,10.4625
1306,0,1,0,62,0,0,26.55
1307,0,3,0,30,1,0,16.1
1308,0,3,1,41,0,2,20.2125
1309,1,3,1,29,0,2,15.2458
1310,1,1,1,38,0,0,79.2
1311,1,1,1,30,0,0,86.5
1312,1,1,1,35,0,0,512.3292
1313,1,2,1,50,0,1,26
1314,1,3,0,3,4,2,31.3875
1315,0,1,0,52,1,1,79.65
1316,0,1,0,40,0,0,0
1317,0,3,1,21,0,0,7.75
1318,0,2,0,36,0,0,10.5
1319,0,3,0,16,4,1,39.6875
1320,1,3,0,25,1,0,7.775
1321,1,1,1,58,0,1,153.4625
1322,1,1,1,35,0,0,135.6333
1323,0,1,0,28,0,0,31
1324,1,3,0,25,0,0,0
1325,1,2,1,41,0,1,19.5
1326,0,1,0,37,0,1,29.7
1327,1,3,1,33,0,0,7.75
1328,1,1,1,63,1,0,77.9583
1329,0,3,1,45,0,0,7.75
1330,0,2,0,21,0,0,0
1331,0,3,0,7,4,1,29.125
1332,1,3,1,35,1,1,20.25
1333,0,3,0,65,0,0,7.75
1334,0,3,0,28,0,0,7.8542
1335,0,3,0,16,0,0,9.5
1336,1,3,0,19,0,0,8.05
1337,0,1,0,57,0,0,26
1338,0,3,0,33,0,0,8.6625
1339,1,3,0,30,0,0,9.5
1340,0,3,0,22,0,0,7.8958
1341,1,2,0,42,0,0,13
1342,1,3,1,22,0,0,7.75
1343,1,1,1,26,0,0,78.85
1344,1,1,1,19,1,0,91.0792
1345,0,2,0,36,0,0,12.875
1346,0,3,1,24,0,0,8.85
1347,0,3,0,24,0,0,7.8958
1348,0,1,0,30,0,0,27.7208
1349,0,3,0,23,0,0,7.2292
1350,0,1,1,2,1,2,151.55
1351,1,1,0,47,0,0,30.5
1352,1,1,1,50,0,1,247.5208
1353,1,3,1,20,0,0,7.75
1354,1,3,0,24,2,0,23.25
1355,0,3,0,19,0,0,0
1356,1,2,1,46,0,0,12.35
1357,0,3,0,28,0,0,8.05
1358,1,1,0,1,1,2,151.55
1359,1,1,1,42,0,0,110.8833
1360,1,1,1,17,1,0,108.9
1361,0,2,0,30,1,0,24
1362,1,1,1,30,0,0,56.9292
1363,1,1,1,24,0,0,83.1583
1364,1,1,1,18,2,2,262.375
1365,0,2,1,26,1,1,26
1366,0,3,0,28,0,0,7.8958
1367,0,2,0,43,1,1,26.25
1368,1,3,1,26,0,0,7.8542
1369,1,2,1,24,1,0,26
1370,0,2,0,54,0,0,14
1371,1,1,1,31,0,2,164.8667
1372,1,1,1,40,1,1,134.5
1373,0,3,0,22,0,0,7.25
1374,0,3,0,27,0,0,7.8958
1375,1,2,1,30,0,0,12.35
1376,1,2,1,22,1,1,29
1377,0,3,0,20,8,2,69.55
1378,1,1,1,36,0,0,135.6333
1379,0,3,0,61,0,0,6.2375
1380,1,2,1,36,0,0,13
1381,1,3,1,31,1,1,20.525
1382,1,1,1,16,0,1,57.9792
1383,1,3,1,28,2,0,23.25
1384,0,1,0,46,0,0,28.5
1385,0,1,0,38,0,1,153.4625
1386,0,3,0,16,2,0,18
1387,1,1,1,42,1,0,133.65
1388,0,3,0,30,0,0,7.8958
1389,0,1,0,29,1,0,66.6
1390,1,1,1,41,0,0,134.5
1391,1,3,0,45,0,0,8.05
1392,0,1,0,45,0,0,35.5
1393,1,2,0,2,1,1,26
1394,1,1,1,24,3,2,263
1395,0,2,0,28,0,0,13
1396,0,2,0,25,0,0,13
1397,0,2,0,36,0,0,13
1398,1,2,1,24,0,0,13
1399,1,2,1,40,0,0,13
1400,1,3,1,34,1,0,16.1
1401,1,3,0,3,1,1,15.9
1402,0,3,0,42,0,0,8.6625
1403,0,3,0,23,0,0,9.225
1404,0,1,0,43,0,0,35
1405,0,3,0,15,1,1,7.2292
1406,0,3,0,25,1,0,17.8
1407,0,3,0,23,0,0,7.225
1408,0,3,0,28,0,0,9.5
1409,1,1,1,22,0,1,55
1410,0,2,1,38,0,0,13
1411,1,3,1,22,0,0,7.8792
1412,1,3,1,23,0,0,7.8792
1413,0,3,0,40,1,4,27.9
1414,0,2,0,29,1,0,27.7208
1415,0,3,1,45,0,1,14.4542
1416,0,3,0,35,0,0,7.05
1417,0,3,0,27,1,0,15.5
1418,0,3,0,30,0,0,7.25
1419,1,1,1,60,1,0,75.25
1420,1,3,1,35,0,0,7.2292
1421,1,3,1,22,0,0,7.75
1422,1,1,1,24,0,0,69.3
1423,1,1,0,25,1,0,55.4417
1424,0,3,0,18,1,0,6.4958
1425,0,3,0,19,0,0,8.05
1426,0,1,0,22,0,0,135.6333
1427,0,3,1,3,3,1,21.075
1428,1,1,1,25,1,0,82.1708
1429,1,3,1,22,0,0,7.25
1430,0,1,0,27,0,2,211.5
1431,0,3,0,20,0,0,4.0125
1432,0,3,0,19,0,0,7.775
1433,1,1,1,42,0,0,227.525
1434,1,3,1,1,0,2,15.7417
1435,0,3,0,32,0,0,7.925
1436,1,1,1,35,1,0,52
1437,0,3,0,27,0,0,7.8958
1438,0,2,0,18,0,0,73.5
1439,0,3,0,1,5,2,46.9
1440,1,2,1,36,0,0,13
1441,0,3,0,19,0,0,7.7292
1442,1,2,1,17,0,0,12
1443,1,1,0,36,1,2,120
1444,1,3,0,21,0,0,7.7958
1445,0,3,0,28,2,0,7.925
1446,1,1,1,23,1,0,113.275
1447,1,3,1,24,0,2,16.7
1448,0,3,0,22,0,0,7.7958
1449,0,3,1,31,0,0,7.8542
1450,0,2,0,46,0,0,26
1451,0,2,0,23,0,0,10.5
1452,1,2,1,28,0,0,12.65
1453,1,3,0,39,0,0,7.925
1454,0,3,0,26,0,0,8.05
1455,0,3,1,21,1,0,9.825
1456,0,3,0,28,1,0,15.85
1457,0,3,1,20,0,0,8.6625
1458,0,2,0,34,1,0,21
1459,0,3,0,51,0,0,7.75
1460,1,2,0,3,1,1,18.75
1461,0,3,0,21,0,0,7.775
1462,0,3,1,3,3,1,25.4667
1463,0,3,0,42,0,0,7.8958
1464,0,3,0,27,0,0,6.8583
1465,1,1,1,33,1,0,90
1466,0,2,0,22,0,0,0
1467,1,3,0,44,0,0,7.925
1468,0,3,1,32,0,0,8.05
1469,1,2,1,34,1,1,32.5
1470,1,2,1,18,0,2,13
1471,0,2,0,30,0,0,13
1472,0,3,1,10,0,2,24.15
1473,0,3,0,21,0,0,7.7333
1474,0,3,0,29,0,0,7.875
1475,0,3,1,28,1,1,14.4
1476,0,3,0,18,1,1,20.2125
1477,0,3,0,54,0,0,7.25
1478,1,2,1,28,1,0,26
1479,1,2,1,19,0,0,26
1480,0,3,0,28,0,0,7.75
1481,1,3,0,32,0,0,8.05
1482,1,1,0,28,0,0,26.55
1483,1,3,1,33,1,0,16.1
1484,1,2,1,42,1,0,26
1485,0,3,0,17,0,0,7.125
1486,0,1,0,50,1,0,55.9
1487,1,1,1,14,1,2,120
1488,0,3,1,21,2,2,34.375
1489,1,2,1,24,2,3,18.75
1490,0,1,0,64,1,4,263
1491,0,2,0,31,0,0,10.5
1492,1,2,1,45,1,1,26.25
1493,0,3,0,20,0,0,9.5
1494,0,3,0,25,1,0,7.775
1495,1,2,1,28,0,0,13
1496,1,3,0,29,0,0,8.1125
1497,1,1,0,4,0,2,81.8583
1498,1,2,1,13,0,1,19.5
1499,1,1,0,34,0,0,26.55
1500,1,3,1,5,2,1,19.2583
1501,1,1,0,52,0,0,30.5
1502,0,2,0,36,1,2,27.75
1503,0,3,0,28,1,0,19.9667
1504,0,1,0,30,0,0,27.75
1505,1,1,0,49,1,0,89.1042
1506,0,3,0,24,0,0,8.05
1507,1,3,0,29,0,0,7.8958
1508,0,1,0,65,0,0,26.55
1509,1,1,1,41,1,0,51.8625
1510,1,2,1,50,0,0,10.5
1511,0,3,0,17,0,0,7.75
1512,1,1,0,48,0,0,26.55
1513,0,3,0,34,0,0,8.05
1514,0,1,0,47,0,0,38.5
1515,0,2,0,48,0,0,13
1516,0,3,0,34,0,0,8.05
1517,0,3,0,38,0,0,7.05
1518,0,2,0,21,0,0,0
1519,0,1,0,56,0,0,26.55
1520,0,3,0,22,0,0,7.725
1521,1,3,1,75,2,1,19.2583
1522,0,3,0,39,0,0,7.25
1523,0,3,0,38,0,0,8.6625
1524,1,2,1,33,1,2,27.75
1525,1,2,1,23,0,0,13.7917
1526,0,3,1,22,0,0,9.8375
1527,0,1,0,40,0,0,52
1528,0,2,0,34,1,0,21
1529,0,3,0,29,1,0,7.0458
1530,0,3,0,22,0,0,7.5208
1531,1,3,1,2,0,1,12.2875
1532,0,3,0,9,5,2,46.9
1533,0,2,0,37,0,0,0
1534,0,3,0,50,0,0,8.05
1535,1,3,1,63,0,0,9.5875
1536,1,1,0,25,1,0,91.0792
1537,0,3,1,8,3,1,25.4667
1538,1,1,1,35,1,0,90
1539,0,1,0,58,0,0,29.7
1540,0,3,0,30,0,0,8.05
1541,1,3,0,9,1,1,15.9
1542,0,3,0,19,1,0,19.9667
1543,0,3,0,21,0,0,7.25
1544,0,1,0,55,0,0,30.5
1545,0,1,0,71,0,0,49.5042
1546,0,3,0,21,0,0,8.05
1547,0,3,0,26,0,0,14.4583
1548,1,1,1,54,1,0,78.2667
1549,0,3,0,55,0,0,15.1
1550,0,1,1,25,1,2,151.55
1551,0,3,0,24,0,0,7.7958
1552,0,3,0,17,0,0,8.6625
1553,0,3,1,21,0,0,7.75
1554,0,3,1,21,0,0,7.6292
1555,0,3,1,37,0,0,9.5875
1556,1,1,1,16,0,0,86.5
1557,0,1,0,18,1,0,108.9
1558,1,2,1,33,0,2,26
1559,1,1,0,37,0,0,26.55
1560,0,3,0,28,0,0,22.525
1561,1,3,0,26,0,0,56.4958
1562,1,3,0,29,0,0,7.75
1563,0,3,0,66,0,0,8.05
1564,1,1,0,36,0,0,26.2875
1565,1,1,1,54,1,0,59.4
1566,0,3,0,24,0,0,7.4958
1567,0,1,0,47,0,0,34.0208
1568,1,2,1,34,0,0,10.5
1569,0,3,0,30,0,0,24.15
1570,1,2,1,36,1,0,26
1571,0,3,0,32,0,0,7.8958
1572,1,1,1,30,0,0,93.5
1573,0,3,0,22,0,0,7.8958
1574,0,3,0,35,0,0,7.225
1575,1,1,1,44,0,1,57.9792
1576,0,3,0,18,0,0,7.2292
1577,0,3,0,41,0,0,7.75
1578,1,2,1,50,0,0,10.5
1579,0,1,0,49,0,0,221.7792
1580,0,3,0,39,0,0,7.925
1581,0,2,0,23,2,1,11.5
1582,1,2,1,2,1,1,26
1583,0,3,0,17,0,0,7.2292
1584,0,3,0,17,1,1,7.2292
1585,1,3,1,24,0,2,22.3583
1586,0,3,1,30,0,0,8.6625
1587,1,2,1,7,0,2,26.25
1588,0,1,0,45,0,0,26.55
1589,1,1,1,30,0,0,106.425
1590,0,3,0,69,0,0,14.5
1591,1,1,1,22,0,2,49.5
1592,1,1,1,36,0,2,71
1593,0,3,1,9,4,2,31.275
1594,0,3,1,11,4,2,31.275
1595,1,2,0,32,1,0,26
1596,0,1,0,50,1,0,106.425
1597,0,1,0,64,0,0,26
1598,1,2,1,19,1,0,26
1599,1,2,0,27,0,0,13.8625
1600,0,3,0,33,1,1,20.525
1601,1,2,0,8,1,1,36.75
1602,1,1,0,17,0,2,110.8833
1603,0,2,0,27,0,0,26
1604,0,3,0,21,0,0,7.8292
1605,1,3,0,22,0,0,7.225
1606,1,3,1,22,0,0,7.775
1607,0,1,0,62,0,0,26.55
1608,1,1,1,48,1,0,39.6
1609,0,1,0,45,0,0,227.525
1610,1,1,1,39,1,1,79.65
1611,1,3,1,36,1,0,17.4
1612,0,3,0,30,0,0,7.75
1613,0,3,0,40,0,0,7.8958
1614,0,2,0,28,0,0,13.5
1615,0,3,0,40,0,0,8.05
1616,0,3,1,62,0,0,8.05
1617,0,3,0,24,2,0,24.15
1618,0,3,0,19,0,0,7.8958
1619,0,3,1,29,0,4,21.075
1620,0,3,0,28,0,0,7.2292
1621,1,3,0,32,0,0,7.8542
1622,1,2,0,62,0,0,10.5
1623,1,1,1,53,2,0,51.4792
1624,1,1,0,36,0,0,26.3875
1625,1,3,1,22,0,0,7.75
1626,0,3,0,16,0,0,8.05
1627,0,3,0,19,0,0,14.5
1628,1,2,1,34,0,0,13
1629,1,1,1,39,1,0,55.9
1630,0,3,1,18,1,0,14.4583
1631,1,3,0,32,0,0,7.925
1632,1,2,1,25,1,1,30
1633,1,1,1,39,1,1,110.8833
1634,0,2,0,54,0,0,26
1635,0,1,0,36,0,0,40.125
1636,0,3,0,16,0,0,8.7125
1637,1,1,1,18,0,2,79.65
1638,0,2,0,47,0,0,15
1639,1,1,0,60,1,1,79.2
1640,0,3,0,22,0,0,8.05
1641,0,3,0,22,0,0,8.05
1642,0,3,0,35,0,0,7.125
1643,1,1,1,52,1,0,78.2667
1644,0,3,0,47,0,0,7.25
1645,0,3,1,40,0,2,7.75
1646,0,2,0,37,1,0,26
1647,0,3,0,36,1,1,24.15
1648,1,2,1,31,0,0,33
1649,0,3,0,49,0,0,0
1650,0,3,0,18,0,0,7.225
1651,1,1,0,49,1,0,56.9292
1652,1,2,1,24,2,1,27
1653,0,3,0,42,0,0,7.8958
1654,0,1,0,37,0,0,42.4
1655,0,3,0,44,0,0,8.05
1656,1,1,0,35,0,0,26.55
1657,0,3,0,36,1,0,15.55
1658,0,3,0,30,0,0,7.8958
1659,1,1,0,27,0,0,30.5
1660,1,2,1,22,1,2,41.5792
1661,1,1,1,40,0,0,153.4625
1662,0,3,1,39,1,5,31.275
1663,0,3,0,21,0,0,7.05
1664,1,3,1,18,1,0,15.5
1665,0,3,0,22,0,0,7.75
1666,0,3,0,35,0,0,8.05
1667,1,2,1,24,1,2,65
1668,0,3,0,34,1,1,14.4
1669,0,3,1,26,1,0,16.1
1670,1,2,1,4,2,1,39
1671,0,2,0,26,0,0,10.5
1672,0,3,0,27,1,0,14.4542
1673,1,1,0,42,1,0,52.5542
1674,1,3,0,20,1,1,15.7417
1675,0,3,0,21,0,0,7.8542
1676,0,3,0,21,0,0,16.1
1677,0,1,0,61,0,0,32.3208
1678,0,2,0,57,0,0,12.35
1679,1,1,1,21,0,0,77.9583
1680,0,3,0,26,0,0,7.8958
1681,0,3,0,18,0,0,7.7333
1682,1,1,0,80,0,0,30
1683,0,3,0,51,0,0,7.0542
1684,1,1,0,32,0,0,30.5
1685,0,1,0,30,0,0,0
1686,0,3,1,9,3,2,27.9
1687,1,2,1,28,0,0,13
1688,0,3,0,32,0,0,7.925
1689,0,2,0,31,1,1,26.25
1690,0,3,1,41,0,5,39.6875
1691,0,3,0,37,1,0,16.1
1692,0,3,0,20,0,0,7.8542
1693,1,1,1,24,0,0,69.3
1694,0,3,1,2,3,2,27.9
1695,1,3,0,32,0,0,56.4958
1696,1,3,1,75,2,1,19.2583
1697,1,1,0,48,1,0,76.7292
1698,0,3,0,19,0,0,7.8958
1699,1,1,0,56,0,0,35.5
1700,0,3,0,21,0,0,7.55
1701,1,3,1,23,0,0,7.55
1702,0,3,0,23,0,0,7.8958
1703,1,2,1,18,0,1,23
1704,0,3,0,21,0,0,8.4333
1705,1,3,1,16,0,0,7.8292
1706,0,3,1,18,0,0,6.75
1707,0,2,0,24,2,0,73.5
1708,0,3,0,27,0,0,7.8958
1709,0,3,1,32,1,1,15.5
1710,0,2,0,23,0,0,13
1711,0,1,0,58,0,2,113.275
1712,1,1,0,50,2,0,133.65
1713,0,3,0,40,0,0,7.225
1714,0,1,0,47,0,0,25.5875
1715,0,3,0,36,0,0,7.4958
1716,1,3,0,20,1,0,7.925
1717,0,2,0,32,2,0,73.5
1718,0,2,0,25,0,0,13
1719,0,3,0,49,0,0,7.775
1720,0,3,0,43,0,0,8.05
1721,1,1,1,48,1,0,52
1722,1,2,1,40,1,1,39
1723,0,1,0,31,1,0,52
1724,0,2,0,70,0,0,10.5
1725,1,2,0,31,0,0,13
1726,0,2,0,19,0,0,0
1727,0,3,0,18,0,0,7.775
1728,0,3,0,24,0,0,8.05
1729,1,3,1,18,0,0,9.8417
1730,0,3,1,43,1,6,46.9
1731,1,1,0,36,0,1,512.3292
1732,0,3,1,28,0,0,8.1375
1733,1,1,0,27,0,0,76.7292
1734,0,3,0,20,0,0,9.225
1735,0,3,0,14,5,2,46.9
1736,0,2,0,60,1,1,39
1737,0,2,0,25,1,2,41.5792
1738,0,3,0,14,4,1,39.6875
1739,0,3,0,19,0,0,10.1708
1740,0,3,0,18,0,0,7.7958
1741,1,1,1,15,0,1,211.3375
1742,1,1,0,31,1,0,57
1743,1,3,1,4,0,1,13.4167
1744,1,3,0,37,0,0,56.4958
1745,0,3,0,25,0,0,7.225
1746,0,1,0,60,0,0,26.55
1747,0,2,0,52,0,0,13.5
1748,0,3,0,44,0,0,8.05
1749,1,3,1,19,0,0,7.7333
1750,0,1,0,49,1,1,110.8833
1751,0,3,0,42,0,0,7.65
1752,1,1,1,18,1,0,227.525
1753,1,1,0,35,0,0,26.2875
1754,0,3,1,18,0,1,14.4542
1755,0,3,0,25,0,0,7.7417
1756,0,3,0,26,1,0,7.8542
1757,0,2,0,39,0,0,26
1758,1,2,1,45,0,0,13.5
1759,1,1,0,42,0,0,26.2875
1760,1,1,1,22,0,0,151.55
1761,1,3,0,4,1,1,15.2458
1762,1,1,1,24,0,0,49.5042
1763,0,1,0,41,0,0,26.55
1764,1,1,0,48,1,0,52
1765,0,3,0,29,0,0,9.4833
1766,0,2,0,52,0,0,13
1767,0,3,0,19,0,0,7.65
1768,1,1,1,38,0,0,227.525
1769,1,2,1,27,0,0,10.5
1770,0,3,0,33,0,0,7.775
1771,1,2,1,6,0,1,33
1772,0,3,0,17,1,0,7.0542
1773,0,2,0,34,0,0,13
1774,0,2,0,50,0,0,13
1775,1,1,0,27,1,0,53.1
1776,0,3,0,20,0,0,8.6625
1777,1,2,1,30,3,0,21
1778,1,3,1,28,0,0,7.7375
1779,0,2,0,25,1,0,26
1780,0,3,1,25,1,0,7.925
1781,1,1,1,29,0,0,211.3375
1782,0,3,0,11,0,0,18.7875
1783,0,2,0,41,0,0,0
1784,0,2,0,23,0,0,13
1785,0,2,0,23,0,0,13
1786,0,3,0,28,0,0,16.1
1787,0,3,1,48,1,3,34.375
1788,1,1,0,35,0,0,512.3292
1789,0,3,0,20,0,0,7.8958
1790,0,3,0,32,0,0,7.8958
1791,1,1,0,45,0,0,30
1792,0,1,0,36,1,0,78.85
1793,1,1,1,21,2,2,262.375
1794,0,3,0,24,1,0,16.1
1795,1,3,0,31,0,0,7.925
1796,0,1,0,70,1,1,71
1797,0,3,0,16,1,1,20.25
1798,1,2,1,30,0,0,13
1799,0,1,0,19,1,0,53.1
1800,0,3,0,31,0,0,7.75
1801,1,2,1,4,1,1,23
1802,1,3,0,6,0,1,12.475
1803,0,3,0,33,0,0,9.5
1804,0,3,0,23,0,0,7.8958
1805,1,2,1,48,1,2,65
1806,1,2,0,2,1,1,14.5
1807,0,3,0,28,0,0,7.7958
1808,0,2,0,18,0,0,11.5
1809,0,3,0,34,0,0,8.05
1810,1,1,1,33,0,0,86.5
1811,0,3,0,23,0,0,14.5
1812,0,3,0,41,0,0,7.125
1813,1,3,0,20,0,0,7.2292
1814,1,1,1,36,1,2,120
1815,0,3,0,16,0,0,7.775
1816,1,1,1,51,1,0,77.9583
1817,0,1,0,46,0,0,39.6
1818,0,3,1,34,0,0,7.75
1819,0,3,0,28,1,0,24.15
1820,0,3,0,32,0,0,8.3625
1821,0,3,0,24,0,0,9.5
1822,0,3,0,48,0,0,7.8542
1823,0,2,1,57,0,0,10.5
1824,0,3,0,29,0,0,7.225
1825,1,2,1,54,1,3,23
1826,0,3,0,18,0,0,7.75
1827,0,3,0,20,0,0,7.75
1828,1,3,1,5,0,0,12.475
1829,0,3,0,22,0,0,7.7375
1830,1,1,1,43,0,1,211.3375
1831,1,3,1,13,0,0,7.2292
1832,1,1,1,17,1,0,57
1833,0,1,0,29,0,0,30
1834,0,3,0,35,1,2,23.45
1835,0,3,0,25,0,0,7.05
1836,0,3,0,25,0,0,7.25
1837,1,3,1,18,0,0,7.4958
1838,0,3,0,8,4,1,29.125
1839,1,3,0,1,1,2,20.575
1840,0,1,0,46,0,0,79.2
1841,0,3,0,20,0,0,7.75
1842,0,2,0,16,0,0,26
1843,0,3,1,21,8,2,69.55
1844,0,1,0,43,0,0,30.6958
1845,0,3,0,25,0,0,7.8958
1846,0,2,0,39,0,0,13
1847,1,1,1,49,0,0,25.9292
1848,1,3,1,31,0,0,8.6833
1849,0,3,0,30,0,0,7.2292
1850,0,3,1,30,1,1,24.15
1851,0,2,0,34,0,0,13
1852,1,2,1,31,1,1,26.25
1853,1,1,0,11,1,2,120
1854,1,3,0,2,0,1,8.5167
1855,1,3,0,27,0,0,6.975
1856,0,3,0,31,0,0,7.775
1857,0,1,0,39,0,0,0
1858,0,3,1,18,0,0,7.775
1859,0,2,0,39,0,0,13
1860,1,1,1,33,1,0,53.1
1861,0,3,0,26,0,0,7.8875
1862,0,3,0,39,0,0,24.15
1863,0,2,0,35,0,0,10.5
1864,0,3,1,6,4,2,31.275
1865,0,3,0,32,0,0,8.05
1866,0,1,0,39,0,0,0
1867,0,3,1,23,0,0,7.925
1868,0,2,0,31,1,1,37.0042
1869,0,3,0,43,0,0,6.45
1870,0,3,0,10,3,2,27.9
1871,1,1,1,52,1,1,93.5
1872,1,3,0,27,0,0,8.6625
1873,0,1,0,38,0,0,0
1874,1,3,1,27,0,1,12.475
1875,0,3,0,2,4,1,39.6875
1876,0,3,0,36,0,0,6.95
1877,0,3,0,23,0,0,56.4958
1878,1,2,0,1,0,2,37.0042
1879,1,3,0,19,0,0,7.75
1880,1,1,1,62,0,0,80
1881,1,3,1,15,1,0,14.4542
1882,1,2,0,82,1,1,18.75
1883,0,3,0,30,0,0,7.2292
1884,0,3,0,23,0,0,7.8542
1885,0,3,0,18,0,0,8.3
1886,1,1,1,39,1,1,83.1583
1887,0,3,0,21,0,0,8.6625
1888,0,3,0,20,0,0,8.05
1889,1,3,0,32,0,0,56.4958
1890,1,1,0,29,0,0,29.7
1891,0,3,0,20,0,0,7.925
1892,0,2,0,16,0,0,10.5
1893,1,1,1,30,0,0,31
1894,0,3,0,35,0,0,6.4375
1895,0,3,0,17,0,0,8.6625
1896,0,3,0,42,0,0,7.55
1897,0,3,0,18,8,2,69.55
1898,0,3,0,35,0,0,7.8958
1899,0,2,0,28,0,1,33
1900,1,1,1,40,1,0,89.1042
1901,0,3,0,4,4,2,31.275
1902,0,3,0,74,0,0,7.775
1903,0,3,1,9,1,1,15.2458
1904,1,1,1,16,0,1,39.4
1905,0,2,1,44,1,0,26
1906,1,3,1,18,0,1,9.35
1907,1,1,1,45,1,1,164.8667
1908,1,1,0,51,0,0,26.55
1909,1,3,1,24,0,3,19.2583
1910,0,3,0,30,0,0,7.2292
1911,0,3,0,41,2,0,14.1083
1912,0,2,0,21,1,0,11.5
1913,1,1,1,48,0,0,25.9292
1914,0,3,1,14,8,2,69.55
1915,0,2,0,24,0,0,13
1916,1,2,1,42,0,0,13
1917,1,2,1,27,1,0,13.8583
1918,0,1,0,31,0,0,50.4958
1919,0,3,0,23,0,0,9.5
1920,1,3,0,4,1,1,11.1333
1921,0,3,0,26,0,0,7.8958
1922,1,1,1,47,1,1,52.5542
1923,0,1,0,33,0,0,5
1924,0,3,0,47,0,0,9
1925,1,2,1,28,1,0,24
1926,1,3,1,15,0,0,7.225
1927,0,3,0,20,0,0,9.8458
1928,0,3,0,19,0,0,7.8958
1929,0,3,0,23,0,0,7.8958
1930,1,1,1,56,0,1,83.1583
1931,1,2,1,25,0,1,26
1932,0,3,0,33,0,0,7.8958
1933,0,3,1,22,0,0,10.5167
1934,0,2,0,28,0,0,10.5
1935,0,3,0,25,0,0,7.05
1936,0,3,1,39,0,5,29.125
1937,0,2,0,27,0,0,13
1938,1,1,1,19,0,0,30
1939,0,3,1,7,1,2,23.45
1940,1,1,0,26,0,0,30
1941,0,3,0,32,0,0,7.75
1942,1,1,1,48,1,0,146.5208
1943,1,3,1,18,0,0,7.75
1944,0,2,0,66,0,0,10.5
1945,0,1,0,28,1,0,7.25
1946,0,1,0,42,1,0,71.2833
1947,1,3,0,18,0,0,7.925
1948,0,3,0,21,0,0,53.1
1949,0,3,1,18,2,0,8.05
1950,1,3,1,14,1,0,8.4583
1951,0,3,1,40,1,0,51.8625
1952,0,2,1,27,1,0,21.075
1953,1,2,1,3,1,2,11.1333
1954,1,3,1,19,0,0,30.0708
1955,0,3,0,30,0,0,16.7
1956,0,3,0,20,1,0,26.55
1957,1,3,1,27,0,0,8.05
1958,0,3,0,16,2,0,31.275
1959,0,3,1,18,1,0,7.8542
1960,0,3,0,7,4,1,16
1961,0,3,0,21,0,0,29.125
1962,1,1,1,49,1,0,13
1963,1,2,1,29,1,0,26
1964,0,1,0,65,0,1,61.9792
1965,1,1,0,46,0,0,35.5
1966,1,2,1,21,0,0,10.5
1967,0,3,0,28.5,0,0,7.2292
1968,1,2,1,5,1,2,27.75
1969,0,3,0,11,5,2,46.9
1970,0,3,0,22,0,0,7.2292
1971,1,1,1,38,0,0,80
1972,0,1,0,45,1,0,83.475
1973,0,3,0,4,3,2,27.9
1974,0,1,0,64,0,0,27.7208
1975,1,3,0,7,1,1,15.2458
1976,1,2,1,29,0,0,7.05
1977,0,3,0,19,0,0,14.5
1978,1,3,1,17,4,2,26
1979,0,3,0,26,2,0,13
1980,0,2,0,32,0,0,15.0458
1981,0,3,1,16,5,2,26.2833
1982,0,2,0,21,0,0,53.1
1983,0,3,0,26,1,0,9.2167
1984,1,3,0,32,0,0,79.2
1985,0,3,0,25,0,0,15.2458
1986,0,3,0,23,0,0,7.75
1987,0,3,0,28,0,0,15.85
1988,1,2,0,83,0,2,6.75
1989,1,3,1,30,0,0,11.5
1990,0,3,0,22,0,0,36.75
1991,1,3,0,29,0,0,7.7958
1992,1,3,1,31,0,0,34.375
1993,0,1,0,28,0,0,26
1994,1,2,1,17,0,0,13
1995,1,3,1,33,3,0,12.525
1996,0,3,0,16,1,3,66.6
1997,0,3,0,20,0,0,8.05
1998,1,1,1,23,3,2,14.5
1999,0,3,0,24,0,0,7.3125
2000,0,3,0,29,0,0,61.3792
2001,0,3,0,20,0,0,7.7333
2002,0,1,0,46,1,0,8.05
2003,0,3,0,26,1,2,8.6625
2004,0,3,0,59,0,0,69.55
2005,0,3,0,22,0,0,8.05
2006,0,1,0,71,0,0,34.6542
2007,1,1,0,23,0,1,63.3583
2008,1,2,1,34,0,1,23
2009,0,2,0,34,1,0,26
2010,0,3,1,28,0,0,7.8958
2011,0,3,0,29,0,0,7.8958
2012,0,1,0,21,0,1,77.2875
2013,0,3,0,33,0,0,8.6542
2014,0,3,0,37,2,0,7.925
2015,0,3,0,28,0,0,7.8958
2016,1,3,1,21,0,0,7.65
2017,1,3,0,29,0,0,7.775
2018,0,3,0,38,0,0,7.8958
2019,1,3,1,28,1,0,24.15
2020,0,1,0,47,0,0,52
2021,0,3,1,14.5,1,0,14.4542
2022,0,3,0,22,0,0,8.05
2023,0,3,1,20,1,0,9.825
2024,0,3,1,17,0,0,14.4583
2025,0,3,0,21,0,0,7.925
2026,0,3,0,70.5,0,0,7.75
2027,0,2,0,29,1,0,21
2028,0,1,0,24,0,1,247.5208
2029,0,3,1,2,4,2,31.275
2030,0,2,0,21,2,0,73.5
2031,0,3,0,19,0,0,8.05
2032,0,2,0,32.5,1,0,30.0708
2033,1,2,1,32.5,0,0,13
2034,0,1,0,54,0,1,77.2875
2035,1,3,0,12,1,0,11.2417
2036,0,3,0,19,0,0,7.75
2037,1,3,0,24,0,0,7.1417
2038,1,3,1,2,1,1,22.3583
2039,0,3,0,45,0,0,6.975
2040,0,3,0,33,0,0,7.8958
2041,0,3,0,20,0,0,10.5
2042,0,3,1,47,1,0,8.1583
2043,1,2,1,29,1,0,7.925
2044,0,2,0,25,0,0,8.6625
2045,0,2,0,23,0,0,10.5
2046,1,1,1,19,0,2,46.9
2047,0,1,0,37,1,0,73.5
2048,0,3,0,16,0,0,14.4542
2049,0,1,0,24,0,0,56.4958
2050,0,3,1,40,0,2,7.65
2051,1,3,1,22,0,0,7.8958
2052,1,3,1,24,1,0,8.05
2053,0,3,0,19,0,0,29
2054,0,2,0,18,0,0,12.475
2055,0,2,0,19,1,1,9
2056,1,3,0,27,0,0,9.5
2057,0,3,1,9,2,2,7.7875
2058,0,2,0,28,0,0,13.5
2059,0,3,0,40,0,0,8.05
2060,0,3,1,62,0,0,8.05
2061,0,3,0,24,2,0,24.15
2062,0,3,0,19,0,0,7.8958
2063,0,3,1,29,0,4,21.075
2064,0,3,0,28,0,0,7.2292
2065,1,3,0,32,0,0,7.8542
2066,1,2,0,62,0,0,10.5
2067,1,1,1,53,2,0,51.4792
2068,1,1,0,36,0,0,26.3875
2069,1,3,1,22,0,0,7.75
2070,0,3,0,16,0,0,8.05
2071,0,3,0,19,0,0,14.5
2072,1,2,1,34,0,0,13
2073,1,1,1,39,1,0,55.9
2074,0,3,1,18,1,0,14.4583
2075,1,3,0,32,0,0,7.925
2076,1,2,1,25,1,1,30
2077,1,1,1,39,1,1,110.8833
2078,0,2,0,54,0,0,26
2079,0,1,0,36,0,0,40.125
2080,0,3,0,16,0,0,8.7125
2081,1,1,1,18,0,2,79.65
2082,0,2,0,47,0,0,15
2083,1,1,0,60,1,1,79.2
2084,0,3,0,22,0,0,8.05
2085,0,3,0,22,0,0,8.05
2086,0,3,0,35,0,0,7.125
2087,1,1,1,52,1,0,78.2667
2088,0,3,0,47,0,0,7.25
2089,0,3,1,40,0,2,7.75
2090,0,2,0,37,1,0,26
2091,0,3,0,36,1,1,24.15
2092,1,2,1,31,0,0,33
2093,0,3,0,49,0,0,0
2094,0,3,0,18,0,0,7.225
2095,1,1,0,49,1,0,56.9292
2096,1,2,1,24,2,1,27
2097,0,3,0,42,0,0,7.8958
2098,0,1,0,37,0,0,42.4
2099,0,3,0,44,0,0,8.05
2100,1,1,0,35,0,0,26.55
2101,0,3,0,36,1,0,15.55
2102,0,3,0,30,0,0,7.8958
2103,1,1,0,27,0,0,30.5
2104,1,2,1,22,1,2,41.5792
2105,1,1,1,40,0,0,153.4625
2106,0,3,1,39,1,5,31.275
2107,0,3,0,21,0,0,7.05
2108,1,3,1,18,1,0,15.5
2109,0,3,0,22,0,0,7.75
2110,0,3,0,35,0,0,8.05
2111,1,2,1,24,1,2,65
2112,0,3,0,34,1,1,14.4
2113,0,3,1,26,1,0,16.1
2114,1,2,1,4,2,1,39
2115,0,2,0,26,0,0,10.5
2116,0,3,0,27,1,0,14.4542
2117,1,1,0,42,1,0,52.5542
2118,1,3,0,20,1,1,15.7417
2119,0,3,0,21,0,0,7.8542
2120,0,3,0,21,0,0,16.1
2121,0,1,0,61,0,0,32.3208
2122,0,2,0,57,0,0,12.35
2123,1,1,1,21,0,0,77.9583
2124,0,3,0,26,0,0,7.8958
2125,0,3,0,18,0,0,7.7333
2126,1,1,0,80,0,0,30
2127,0,3,0,51,0,0,7.0542
2128,1,1,0,32,0,0,30.5
2129,0,1,0,30,0,0,0
2130,0,3,1,9,3,2,27.9
2131,1,2,1,28,0,0,13
2132,0,3,0,32,0,0,7.925
2133,0,2,0,31,1,1,26.25
2134,0,3,1,41,0,5,39.6875
2135,0,3,0,37,1,0,16.1
2136,0,3,0,20,0,0,7.8542
2137,1,1,1,24,0,0,69.3
2138,0,3,1,2,3,2,27.9
2139,1,3,0,32,0,0,56.4958
2140,1,3,1,75,2,1,19.2583
2141,1,1,0,48,1,0,76.7292
2142,0,3,0,19,0,0,7.8958
2143,1,1,0,56,0,0,35.5
2144,0,3,0,21,0,0,7.55
2145,1,3,1,23,0,0,7.55
2146,0,3,0,23,0,0,7.8958
2147,1,2,1,18,0,1,23
2148,0,3,0,21,0,0,8.4333
2149,1,3,1,16,0,0,7.8292
2150,0,3,1,18,0,0,6.75
2151,0,2,0,24,2,0,73.5
2152,0,3,0,27,0,0,7.8958
2153,0,3,1,32,1,1,15.5
2154,0,2,0,23,0,0,13
2155,0,1,0,58,0,2,113.275
2156,1,1,0,50,2,0,133.65
2157,0,3,0,40,0,0,7.225
2158,0,1,0,47,0,0,25.5875
2159,0,3,0,36,0,0,7.4958
2160,1,3,0,20,1,0,7.925
2161,0,2,0,32,2,0,73.5
2162,0,2,0,25,0,0,13
2163,0,3,0,49,0,0,7.775
2164,0,3,0,43,0,0,8.05
2165,1,1,1,48,1,0,52
2166,1,2,1,40,1,1,39
2167,0,1,0,31,1,0,52
2168,0,2,0,70,0,0,10.5
2169,1,2,0,31,0,0,13
2170,0,2,0,19,0,0,0
2171,0,3,0,18,0,0,7.775
2172,0,3,0,24,0,0,8.05
2173,1,3,1,18,0,0,9.8417
2174,0,3,1,43,1,6,46.9
2175,1,1,0,36,0,1,512.3292
2176,0,3,1,28,0,0,8.1375
2177,1,1,0,27,0,0,76.7292
2178,0,3,0,20,0,0,9.225
2179,0,3,0,14,5,2,46.9
2180,0,2,0,60,1,1,39
2181,0,2,0,25,1,2,41.5792
2182,0,3,0,14,4,1,39.6875
2183,0,3,0,19,0,0,10.1708
2184,0,3,0,18,0,0,7.7958
2185,1,1,1,15,0,1,211.3375
2186,1,1,0,31,1,0,57
2187,1,3,1,4,0,1,13.4167
2188,1,3,0,37,0,0,56.4958
2189,0,3,0,25,0,0,7.225
2190,0,1,0,60,0,0,26.55
2191,0,2,0,52,0,0,13.5
2192,0,3,0,44,0,0,8.05
2193,1,3,1,19,0,0,7.7333
2194,0,1,0,49,1,1,110.8833
2195,0,3,0,42,0,0,7.65
2196,1,1,1,18,1,0,227.525
2197,1,1,0,35,0,0,26.2875
2198,0,3,1,18,0,1,14.4542
2199,0,3,0,25,0,0,7.7417
2200,0,3,0,26,1,0,7.8542
2201,0,2,0,39,0,0,26
2202,1,2,1,45,0,0,13.5
2203,1,1,0,42,0,0,26.2875
2204,1,1,1,22,0,0,151.55
2205,1,3,0,4,1,1,15.2458
2206,1,1,1,24,0,0,49.5042
2207,0,1,0,41,0,0,26.55
2208,1,1,0,48,1,0,52
2209,0,3,0,29,0,0,9.4833
2210,0,2,0,52,0,0,13
2211,0,3,0,19,0,0,7.65
2212,1,1,1,38,0,0,227.525
2213,1,2,1,27,0,0,10.5
2214,0,3,0,33,0,0,7.775
2215,1,2,1,6,0,1,33
2216,0,3,0,17,1,0,7.0542
2217,0,2,0,34,0,0,13
2218,0,2,0,50,0,0,13
2219,1,1,0,27,1,0,53.1
2220,0,3,0,20,0,0,8.6625
2221,1,2,1,30,3,0,21
2222,1,3,1,28,0,0,7.7375
2223,0,2,0,25,1,0,26
2224,0,3,1,25,1,0,7.925
2225,1,1,1,29,0,0,211.3375
2226,0,3,0,11,0,0,18.7875
2227,0,2,0,41,0,0,0
2228,0,2,0,23,0,0,13
2229,0,2,0,23,0,0,13
2230,0,3,0,28,0,0,16.1
2231,0,3,1,48,1,3,34.375
2232,1,1,0,35,0,0,512.3292
2233,0,3,0,20,0,0,7.8958
2234,0,3,0,32,0,0,7.8958
2235,1,1,0,45,0,0,30
2236,0,1,0,36,1,0,78.85
2237,1,1,1,21,2,2,262.375
2238,0,3,0,24,1,0,16.1
2239,1,3,0,31,0,0,7.925
2240,0,1,0,70,1,1,71
2241,0,3,0,16,1,1,20.25
2242,1,2,1,30,0,0,13
2243,0,1,0,19,1,0,53.1
2244,0,3,0,31,0,0,7.75
2245,1,2,1,4,1,1,23
2246,1,3,0,6,0,1,12.475
2247,0,3,0,33,0,0,9.5
2248,0,3,0,23,0,0,7.8958
2249,1,2,1,48,1,2,65
2250,1,2,0,2,1,1,14.5
2251,0,3,0,28,0,0,7.7958
2252,0,2,0,18,0,0,11.5
2253,0,3,0,34,0,0,8.05
2254,1,1,1,33,0,0,86.5
2255,0,3,0,23,0,0,14.5
2256,0,3,0,41,0,0,7.125
2257,1,3,0,20,0,0,7.2292
2258,1,1,1,36,1,2,120
2259,0,3,0,16,0,0,7.775
2260,1,1,1,51,1,0,77.9583
2261,0,1,0,46,0,0,39.6
2262,0,3,1,34,0,0,7.75
2263,0,3,0,28,1,0,24.15
2264,0,3,0,32,0,0,8.3625
2265,0,3,0,24,0,0,9.5
2266,0,3,0,48,0,0,7.8542
2267,0,2,1,57,0,0,10.5
2268,0,3,0,29,0,0,7.225
2269,1,2,1,54,1,3,23
2270,0,3,0,18,0,0,7.75
2271,0,3,0,20,0,0,7.75
2272,1,3,1,5,0,0,12.475
2273,0,3,0,22,0,0,7.7375
2274,1,1,1,43,0,1,211.3375
2275,1,3,1,13,0,0,7.2292
2276,1,1,1,17,1,0,57
2277,0,1,0,29,0,0,30
2278,0,3,0,35,1,2,23.45
2279,0,3,0,25,0,0,7.05
2280,0,3,0,25,0,0,7.25
2281,1,3,1,18,0,0,7.4958
2282,0,3,0,8,4,1,29.125
2283,1,3,0,1,1,2,20.575
2284,0,1,0,46,0,0,79.2
2285,0,3,0,20,0,0,7.75
2286,0,2,0,16,0,0,26
2287,0,3,1,21,8,2,69.55
2288,0,1,0,43,0,0,30.6958
2289,0,3,0,25,0,0,7.8958
2290,0,2,0,39,0,0,13
2291,1,1,1,49,0,0,25.9292
2292,1,3,1,31,0,0,8.6833
2293,0,3,0,30,0,0,7.2292
2294,0,3,1,30,1,1,24.15
2295,0,2,0,34,0,0,13
2296,1,2,1,31,1,1,26.25
2297,1,1,0,11,1,2,120
2298,1,3,0,2,0,1,8.5167
2299,1,3,0,27,0,0,6.975
2300,0,3,0,31,0,0,7.775
2301,0,1,0,39,0,0,0
2302,0,3,1,18,0,0,7.775
2303,0,2,0,39,0,0,13
2304,1,1,1,33,1,0,53.1
2305,0,3,0,26,0,0,7.8875
2306,0,3,0,39,0,0,24.15
2307,0,2,0,35,0,0,10.5
2308,0,3,1,6,4,2,31.275
2309,0,3,0,32,0,0,8.05
2310,0,1,0,39,0,0,0
2311,0,3,1,23,0,0,7.925
2312,0,2,0,31,1,1,37.0042
2313,0,3,0,43,0,0,6.45
2314,0,3,0,10,3,2,27.9
2315,1,1,1,52,1,1,93.5
2316,1,3,0,27,0,0,8.6625
2317,0,1,0,38,0,0,0
2318,1,3,1,27,0,1,12.475
2319,0,3,0,2,4,1,39.6875
2320,0,3,0,36,0,0,6.95
2321,0,3,0,23,0,0,56.4958
2322,1,2,0,1,0,2,37.0042
2323,1,3,0,19,0,0,7.75
2324,1,1,1,62,0,0,80
2325,1,3,1,15,1,0,14.4542
2326,1,2,0,82,1,1,18.75
2327,0,3,0,30,0,0,7.2292
2328,0,3,0,23,0,0,7.8542
2329,0,3,0,18,0,0,8.3
2330,1,1,1,39,1,1,83.1583
2331,0,3,0,21,0,0,8.6625
2332,0,3,0,20,0,0,8.05
2333,1,3,0,32,0,0,56.4958
2334,1,1,0,29,0,0,29.7
2335,0,3,0,20,0,0,7.925
2336,0,2,0,16,0,0,10.5
2337,1,1,1,30,0,0,31
2338,0,3,0,35,0,0,6.4375
2339,0,3,0,17,0,0,8.6625
2340,0,3,0,42,0,0,7.55
2341,0,3,0,18,8,2,69.55
2342,0,3,0,35,0,0,7.8958
2343,0,2,0,28,0,1,33
2344,1,1,1,40,1,0,89.1042
2345,0,3,0,4,4,2,31.275
2346,0,3,0,74,0,0,7.775
2347,0,3,1,9,1,1,15.2458
2348,1,1,1,16,0,1,39.4
2349,0,2,1,44,1,0,26
2350,1,3,1,18,0,1,9.35
2351,1,1,1,45,1,1,164.8667
2352,1,1,0,51,0,0,26.55
2353,1,3,1,24,0,3,19.2583
2354,0,3,0,30,0,0,7.2292
2355,0,3,0,41,2,0,14.1083
2356,0,2,0,21,1,0,11.5
2357,1,1,1,48,0,0,25.9292
2358,0,3,1,14,8,2,69.55
2359,0,2,0,24,0,0,13
2360,1,2,1,42,0,0,13
2361,1,2,1,27,1,0,13.8583
2362,0,1,0,31,0,0,50.4958
2363,0,3,0,23,0,0,9.5
2364,1,3,0,4,1,1,11.1333
2365,0,3,0,26,0,0,7.8958
2366,1,1,1,47,1,1,52.5542
2367,0,1,0,33,0,0,5
2368,0,3,0,47,0,0,9
2369,1,2,1,28,1,0,24
2370,1,3,1,15,0,0,7.225
2371,0,3,0,20,0,0,9.8458
2372,0,3,0,19,0,0,7.8958
2373,0,3,0,23,0,0,7.8958
2374,1,1,1,56,0,1,83.1583
2375,1,2,1,25,0,1,26
2376,0,3,0,33,0,0,7.8958
2377,0,3,1,22,0,0,10.5167
2378,0,2,0,28,0,0,10.5
2379,0,3,0,25,0,0,7.05
2380,0,3,1,39,0,5,29.125
2381,0,2,0,27,0,0,13
2382,1,1,1,19,0,0,30
2383,0,3,1,7,1,2,23.45
2384,1,1,0,26,0,0,30
2385,0,3,0,32,0,0,7.75
2386,1,1,1,48,1,0,146.5208
2387,1,3,1,18,0,0,7.75
2388,0,2,0,66,0,0,10.5
2389,0,1,0,28,1,0,7.25
2390,0,1,0,42,1,0,71.2833
2391,1,3,0,18,0,0,7.925
2392,0,3,0,21,0,0,53.1
2393,0,3,1,18,2,0,8.05
2394,1,3,1,14,1,0,8.4583
2395,0,3,1,40,1,0,51.8625
2396,0,2,1,27,1,0,21.075
2397,1,2,1,3,1,2,11.1333
2398,1,3,1,19,0,0,30.0708
2399,0,3,0,30,0,0,16.7
2400,0,3,0,20,1,0,26.55
2401,1,3,1,27,0,0,8.05
2402,0,3,0,59,0,0,69.55
2403,0,3,1,14.5,1,0,14.4542
2404,0,3,0,22,0,0,8.05
2405,0,3,1,20,1,0,9.825
2406,0,3,1,17,0,0,14.4583
2407,0,3,0,21,0,0,7.925
2408,0,3,0,70.5,0,0,7.75
2409,0,2,0,29,1,0,21
2410,0,1,0,24,0,1,247.5208
2411,0,3,1,2,4,2,31.275
2412,0,2,0,21,2,0,73.5
2413,0,3,0,19,0,0,8.05
2414,0,2,0,32.5,1,0,30.0708
2415,1,2,1,32.5,0,0,13
2416,0,1,0,54,0,1,77.2875
2417,1,3,0,12,1,0,11.2417
2418,0,3,0,19,0,0,7.75
2419,1,3,0,24,0,0,7.1417
2420,1,3,1,2,1,1,22.3583
2421,0,3,0,45,0,0,6.975
2422,0,3,0,33,0,0,7.8958
2423,0,3,0,20,0,0,10.5
2424,0,3,1,47,1,0,8.1583
2425,1,2,1,29,1,0,7.925
2426,0,2,0,25,0,0,8.6625
2427,0,2,0,23,0,0,10.5
2428,1,1,1,19,0,2,46.9
2429,0,1,0,37,1,0,73.5
2430,0,3,0,16,0,0,14.4542
2431,0,1,0,24,0,0,56.4958
2432,1,1,0,43,2,0,74.5
2433,1,2,0,26,0,0,24.5622
2434,0,3,0,24,0,0,27.1417
2435,1,3,0,12,1,0,42.417
2436,1,3,1,19,0,0,30.0708
